{"stats":{"minecraft:crafted":{"minecraft:light_gray_concrete_powder":8,"minecraft:oak_planks":1336,"minecraft:iron_nugget":36,"minecraft:furnace":4,"minecraft:bone_meal":27,"minecraft:flint_and_steel":1,"minecraft:iron_boots":3,"minecraft:iron_axe":4,"simplybackpacks:uncommonbackpack":2,"minecraft:iron_hoe":1,"minecraft:chest":7,"cgm:workbench":2,"minecraft:wheat":1279,"minecraft:red_dye":2,"minecraft:crafting_table":8,"simplybackpacks:commonbackpack":2,"minecraft:iron_helmet":3,"minecraft:iron_sword":2,"minecraft:gold_block":2,"minecraft:bucket":1,"minecraft:air":0,"minecraft:bread":431,"minecraft:oak_boat":1,"minecraft:iron_chestplate":3,"minecraft:diamond_pickaxe":1,"minecraft:yellow_dye":5,"minecraft:shield":2,"minecraft:white_dye":27,"minecraft:stick":28,"minecraft:iron_ingot":179,"minecraft:iron_pickaxe":3,"minecraft:iron_shovel":2,"minecraft:iron_leggings":2,"minecraft:gold_ingot":30,"minecraft:light_gray_dye":1,"minecraft:white_bed":3},"minecraft:mined":{"minecraft:diamond_ore":25,"minecraft:white_bed":8,"minecraft:dark_oak_leaves":4,"minecraft:dark_oak_log":1,"minecraft:brewing_stand":1,"minecraft:obsidian":3,"minecraft:nether_bricks":36,"minecraft:granite":84,"minecraft:grass_block":97,"minecraft:nether_wart":15,"cgm:workbench":1,"minecraft:hay_block":147,"minecraft:redstone_ore":13,"minecraft:furnace":3,"minecraft:iron_ore":142,"minecraft:andesite":41,"minecraft:nether_brick_stairs":2,"minecraft:azure_bluet":1,"minecraft:nether_brick_fence":5,"minecraft:rail":2,"minecraft:light_gray_concrete":8,"minecraft:packed_ice":9,"minecraft:stone":613,"minecraft:white_wool":1,"minecraft:smithing_table":1,"minecraft:soul_sand":20,"minecraft:dandelion":5,"minecraft:oak_fence":1,"minecraft:crafting_table":8,"minecraft:torch":3,"minecraft:poppy":2,"minecraft:nether_quartz_ore":38,"minecraft:cobblestone":14,"minecraft:lapis_ore":13,"minecraft:oak_planks":208,"minecraft:wall_torch":5,"minecraft:diorite":43,"biomesoplenty:mud":3,"minecraft:grass":20,"minecraft:oak_log":335,"minecraft:coal_ore":70,"minecraft:gravel":34,"minecraft:sand":175,"minecraft:dirt":170,"minecraft:cobweb":37,"minecraft:netherrack":8,"minecraft:gold_ore":31,"minecraft:oak_leaves":16},"minecraft:killed_by":{"minecraft:player":2},"minecraft:killed":{"minecraft:cave_spider":11,"minecraft:zombie_pigman":1,"minecraft:spider":9,"minecraft:skeleton":32,"minecraft:drowned":1,"minecraft:zombie_villager":2,"minecraft:creeper":19,"minecraft:sheep":9,"minecraft:pillager":1,"minecraft:zombie":34,"minecraft:wither_skeleton":6,"minecraft:blaze":12,"minecraft:cow":13},"minecraft:dropped":{"minecraft:bread":126,"minecraft:iron_sword":2,"minecraft:wheat_seeds":1,"minecraft:cooked_beef":5,"minecraft:diamond":8,"minecraft:smithing_table":3,"minecraft:iron_helmet":4,"minecraft:oak_fence":2,"minecraft:cobblestone":13,"minecraft:apple":1,"minecraft:granite":3,"minecraft:rail":2,"minecraft:coal":1,"simplybackpacks:commonbackpack":1,"minecraft:stick":8,"minecraft:dirt":8,"minecraft:diorite":60,"minecraft:ink_sac":3,"minecraft:torch":1,"simplybackpacks:uncommonbackpack":1,"minecraft:iron_leggings":1,"minecraft:gold_nugget":16,"minecraft:sunflower":2,"minecraft:sand":10,"minecraft:iron_axe":2,"minecraft:iron_pickaxe":1,"minecraft:string":47,"minecraft:white_wool":8,"minecraft:redstone":47,"cgm:rifle":3,"minecraft:gravel":1,"minecraft:rotten_flesh":14,"minecraft:oak_planks":909,"minecraft:iron_boots":2,"minecraft:carrot":3,"minecraft:shield":1,"minecraft:iron_chestplate":4,"minecraft:andesite":6,"minecraft:oak_boat":1,"minecraft:oak_sapling":9,"minecraft:spider_eye":9,"minecraft:arrow":4,"minecraft:glass":128,"minecraft:quartz":64},"minecraft:custom":{"minecraft:mob_kills":154,"minecraft:interact_with_crafting_table":76,"minecraft:leave_game":5,"minecraft:time_since_death":124493,"minecraft:climb_one_cm":563,"minecraft:sprint_one_cm":956142,"minecraft:walk_one_cm":849559,"minecraft:damage_blocked_by_shield":1349,"minecraft:drop":164,"minecraft:talked_to_villager":1,"minecraft:sneak_time":7037,"minecraft:deaths":4,"minecraft:walk_under_water_one_cm":43753,"minecraft:boat_one_cm":988049,"minecraft:jump":6849,"minecraft:walk_on_water_one_cm":54480,"minecraft:interact_with_furnace":99,"minecraft:play_one_minute":355235,"minecraft:sleep_in_bed":17,"minecraft:time_since_rest":54423,"minecraft:damage_taken":5850,"minecraft:damage_dealt":18195,"minecraft:player_kills":2,"minecraft:swim_one_cm":143806,"minecraft:fly_one_cm":1402587,"minecraft:open_chest":44,"minecraft:crouch_one_cm":14906,"minecraft:fall_one_cm":138479},"minecraft:picked_up":{"cgm:basic_bullet":32,"minecraft:crafting_table":9,"minecraft:iron_chestplate":3,"minecraft:wheat":15,"minecraft:azure_bluet":1,"minecraft:nether_wart":20,"minecraft:smithing_table":3,"minecraft:diamond_horse_armor":1,"minecraft:brewing_stand":1,"minecraft:string":89,"minecraft:iron_axe":2,"minecraft:iron_leggings":1,"minecraft:gold_nugget":16,"minecraft:beef":26,"minecraft:oak_boat":7,"minecraft:poppy":2,"cgm:bazooka":1,"cgm:advanced_bullet":96,"minecraft:furnace":3,"minecraft:iron_boots":1,"minecraft:egg":1,"minecraft:stick":10,"minecraft:oak_fence":2,"minecraft:torch":22,"minecraft:diorite":67,"minecraft:carrot":3,"minecraft:redstone":98,"minecraft:arrow":22,"minecraft:rotten_flesh":32,"cgm:assault_rifle":1,"minecraft:nether_bricks":40,"minecraft:hay_block":146,"minecraft:saddle":1,"minecraft:gold_ingot":2,"minecraft:blaze_rod":9,"minecraft:obsidian":3,"minecraft:mutton":13,"minecraft:rail":2,"minecraft:white_wool":20,"minecraft:cobblestone":505,"minecraft:cooked_beef":9,"minecraft:andesite":41,"minecraft:leather":15,"minecraft:flint":1,"minecraft:oak_log":334,"minecraft:lily_pad":2,"minecraft:gunpowder":20,"minecraft:wither_skeleton_skull":1,"simplybackpacks:commonbackpack":1,"minecraft:lapis_lazuli":139,"minecraft:dirt":286,"minecraft:white_banner":1,"minecraft:glass":128,"minecraft:bone":21,"minecraft:apple":2,"minecraft:wheat_seeds":8,"minecraft:iron_ingot":2,"minecraft:iron_ore":159,"minecraft:iron_sword":1,"minecraft:oak_planks":394,"minecraft:soul_sand":20,"cgm:rifle":4,"minecraft:quartz":485,"minecraft:dandelion":5,"minecraft:gravel":23,"minecraft:sand":175,"minecraft:nether_brick_stairs":2,"minecraft:ink_sac":3,"minecraft:white_bed":9,"minecraft:gold_ore":30,"minecraft:spider_eye":9,"minecraft:light_gray_concrete":8,"minecraft:diamond":27,"minecraft:iron_helmet":3,"minecraft:granite":87,"biomesoplenty:mud_ball":12,"minecraft:bread":43,"minecraft:oak_sapling":10,"minecraft:netherrack":103,"minecraft:coal":104,"minecraft:sunflower":2},"minecraft:used":{"minecraft:iron_shovel":464,"minecraft:flint_and_steel":1,"minecraft:chest":1,"minecraft:iron_sword":100,"minecraft:torch":49,"minecraft:dirt":219,"minecraft:mutton":1,"cgm:workbench":2,"minecraft:nether_bricks":24,"minecraft:granite":22,"minecraft:obsidian":10,"minecraft:iron_axe":803,"minecraft:furnace":7,"minecraft:egg":1,"minecraft:cooked_beef":1,"minecraft:water_bucket":1,"minecraft:diorite":1,"minecraft:oak_planks":526,"minecraft:lily_pad":2,"minecraft:white_wool":3,"minecraft:crafting_table":17,"minecraft:white_bed":10,"minecraft:light_gray_concrete_powder":8,"minecraft:diamond_pickaxe":475,"minecraft:bread":127,"minecraft:iron_pickaxe":745,"minecraft:gravel":17,"minecraft:cobblestone":385,"minecraft:andesite":6,"minecraft:bucket":2,"minecraft:oak_boat":7},"minecraft:broken":{"minecraft:iron_shovel":1,"minecraft:iron_axe":4,"minecraft:iron_pickaxe":1}},"DataVersion":2230}