{"stats":{"minecraft:custom":{"minecraft:mob_kills":233,"minecraft:interact_with_crafting_table":84,"minecraft:leave_game":9,"minecraft:time_since_death":56383,"minecraft:climb_one_cm":1221,"minecraft:sprint_one_cm":1329658,"minecraft:walk_one_cm":1068605,"minecraft:damage_blocked_by_shield":1434,"minecraft:drop":202,"minecraft:talked_to_villager":1,"minecraft:sneak_time":8107,"minecraft:deaths":8,"minecraft:walk_under_water_one_cm":73525,"minecraft:boat_one_cm":1065877,"minecraft:jump":9578,"minecraft:walk_on_water_one_cm":81175,"minecraft:interact_with_furnace":161,"minecraft:play_one_minute":467500,"minecraft:sleep_in_bed":19,"minecraft:time_since_rest":9845,"minecraft:damage_taken":8502,"minecraft:damage_dealt":19567,"minecraft:player_kills":4,"minecraft:swim_one_cm":283779,"minecraft:fly_one_cm":2134234,"minecraft:open_chest":56,"minecraft:crouch_one_cm":15317,"minecraft:fall_one_cm":201923},"minecraft:crafted":{"minecraft:light_gray_concrete_powder":8,"minecraft:oak_planks":1336,"minecraft:iron_nugget":153,"minecraft:blaze_powder":10,"minecraft:furnace":4,"minecraft:bone_meal":27,"minecraft:flint_and_steel":1,"minecraft:glass":79,"minecraft:iron_boots":3,"simplybackpacks:uncommonbackpack":2,"minecraft:iron_axe":4,"minecraft:iron_hoe":1,"minecraft:chest":7,"minecraft:ender_eye":2,"cgm:workbench":2,"minecraft:wheat":1279,"minecraft:red_dye":2,"securitycraft:universal_block_modifier":1,"minecraft:crafting_table":8,"simplybackpacks:commonbackpack":2,"minecraft:iron_helmet":4,"minecraft:iron_sword":2,"minecraft:gold_block":2,"minecraft:bucket":1,"minecraft:air":0,"minecraft:bread":431,"minecraft:oak_boat":1,"minecraft:iron_chestplate":3,"minecraft:diamond_pickaxe":1,"minecraft:yellow_dye":5,"minecraft:shield":2,"minecraft:white_dye":27,"minecraft:stick":28,"minecraft:iron_ingot":251,"minecraft:iron_pickaxe":3,"minecraft:iron_shovel":2,"minecraft:iron_leggings":2,"minecraft:gold_ingot":30,"minecraft:light_gray_dye":1,"minecraft:white_bed":3},"minecraft:broken":{"minecraft:iron_shovel":1,"minecraft:iron_axe":4,"minecraft:iron_pickaxe":1,"minecraft:iron_helmet":1},"minecraft:mined":{"minecraft:diamond_ore":25,"minecraft:white_bed":9,"minecraft:dark_oak_leaves":4,"minecraft:dark_oak_log":1,"minecraft:brewing_stand":1,"minecraft:obsidian":3,"minecraft:nether_bricks":36,"minecraft:granite":88,"minecraft:grass_block":98,"minecraft:nether_wart":15,"cgm:workbench":1,"minecraft:hay_block":147,"minecraft:redstone_ore":13,"minecraft:furnace":3,"minecraft:iron_ore":162,"minecraft:andesite":41,"minecraft:nether_brick_stairs":2,"minecraft:azure_bluet":1,"minecraft:nether_brick_fence":5,"minecraft:rail":2,"minecraft:light_gray_concrete":8,"minecraft:packed_ice":9,"minecraft:stone":618,"minecraft:white_wool":1,"minecraft:smithing_table":1,"minecraft:soul_sand":20,"minecraft:dandelion":5,"minecraft:oak_fence":1,"minecraft:crafting_table":8,"minecraft:torch":4,"minecraft:poppy":2,"minecraft:nether_quartz_ore":38,"minecraft:cobblestone":14,"minecraft:lapis_ore":13,"minecraft:lily_pad":1,"minecraft:oak_planks":209,"minecraft:wall_torch":6,"minecraft:diorite":43,"biomesoplenty:mud":8,"minecraft:grass":21,"minecraft:coal_ore":70,"minecraft:oak_log":335,"minecraft:gravel":34,"minecraft:sand":175,"minecraft:dirt":170,"minecraft:cobweb":37,"minecraft:netherrack":8,"minecraft:gold_ore":31,"minecraft:oak_leaves":18},"minecraft:killed_by":{"minecraft:player":6},"minecraft:killed":{"minecraft:cave_spider":12,"minecraft:zombie_pigman":1,"minecraft:spider":16,"minecraft:skeleton":46,"minecraft:drowned":1,"minecraft:zombie_villager":2,"minecraft:creeper":61,"minecraft:sheep":9,"minecraft:pillager":1,"minecraft:zombie":47,"minecraft:wither_skeleton":6,"minecraft:blaze":12,"minecraft:enderman":2,"minecraft:cow":14},"minecraft:used":{"minecraft:iron_shovel":464,"minecraft:flint_and_steel":1,"minecraft:chest":1,"minecraft:iron_sword":124,"minecraft:torch":52,"minecraft:dirt":220,"minecraft:mutton":1,"cgm:workbench":2,"minecraft:nether_bricks":24,"minecraft:granite":24,"minecraft:obsidian":10,"minecraft:glass":68,"minecraft:iron_axe":803,"minecraft:beef":1,"minecraft:furnace":8,"minecraft:egg":3,"minecraft:cooked_beef":1,"minecraft:water_bucket":1,"minecraft:diorite":1,"minecraft:oak_planks":577,"minecraft:lily_pad":2,"minecraft:white_wool":3,"minecraft:crafting_table":17,"minecraft:white_bed":11,"minecraft:light_gray_concrete_powder":8,"minecraft:ender_eye":16,"minecraft:diamond_pickaxe":510,"minecraft:bread":170,"minecraft:iron_pickaxe":745,"minecraft:gravel":17,"minecraft:cobblestone":399,"minecraft:andesite":6,"minecraft:bucket":2,"minecraft:oak_boat":7},"minecraft:picked_up":{"minecraft:iron_chestplate":3,"minecraft:crafting_table":9,"minecraft:wheat":15,"minecraft:azure_bluet":1,"cgm:basic_bullet":448,"minecraft:nether_wart":20,"minecraft:smithing_table":3,"minecraft:diamond_horse_armor":1,"minecraft:brewing_stand":1,"minecraft:string":97,"minecraft:iron_axe":2,"minecraft:iron_leggings":1,"minecraft:gold_nugget":16,"cgm:mini_gun":1,"minecraft:beef":28,"minecraft:oak_boat":7,"minecraft:ender_eye":14,"minecraft:poppy":2,"cgm:bazooka":1,"cgm:advanced_bullet":176,"minecraft:furnace":4,"minecraft:iron_boots":1,"minecraft:egg":3,"minecraft:stick":10,"minecraft:oak_fence":2,"minecraft:torch":24,"minecraft:diorite":67,"minecraft:carrot":3,"minecraft:redstone":98,"minecraft:arrow":30,"minecraft:rotten_flesh":44,"minecraft:nether_bricks":40,"cgm:assault_rifle":6,"minecraft:hay_block":146,"minecraft:saddle":1,"minecraft:gold_ingot":2,"minecraft:blaze_rod":12,"minecraft:obsidian":3,"minecraft:mutton":13,"minecraft:rail":2,"minecraft:white_wool":20,"minecraft:cobblestone":511,"minecraft:cooked_beef":9,"minecraft:andesite":41,"minecraft:leather":15,"minecraft:birch_planks":5,"minecraft:flint":1,"minecraft:oak_log":334,"minecraft:lily_pad":38,"minecraft:gunpowder":63,"minecraft:wither_skeleton_skull":1,"simplybackpacks:commonbackpack":1,"minecraft:lapis_lazuli":139,"minecraft:dirt":287,"minecraft:white_banner":1,"cgm:grenade":4,"minecraft:glass":128,"minecraft:bone":28,"minecraft:apple":2,"minecraft:wheat_seeds":8,"minecraft:iron_ingot":3,"minecraft:iron_ore":179,"minecraft:iron_sword":1,"minecraft:oak_planks":447,"minecraft:soul_sand":20,"cgm:rifle":6,"minecraft:quartz":485,"minecraft:dandelion":5,"minecraft:gravel":23,"minecraft:sand":175,"minecraft:nether_brick_stairs":2,"minecraft:ink_sac":3,"minecraft:white_bed":10,"minecraft:gold_ore":30,"minecraft:spider_eye":10,"minecraft:light_gray_concrete":8,"minecraft:diamond":27,"minecraft:iron_helmet":3,"minecraft:granite":90,"biomesoplenty:mud_ball":24,"minecraft:bread":58,"minecraft:oak_sapling":12,"minecraft:netherrack":103,"minecraft:coal":140,"minecraft:sunflower":2,"minecraft:ender_pearl":2},"minecraft:dropped":{"minecraft:iron_sword":2,"minecraft:bread":126,"minecraft:wheat_seeds":1,"minecraft:cooked_beef":5,"minecraft:diamond":8,"minecraft:smithing_table":3,"minecraft:oak_fence":2,"minecraft:iron_helmet":4,"minecraft:cobblestone":14,"biomesoplenty:mud_ball":12,"minecraft:apple":1,"minecraft:granite":3,"minecraft:rail":2,"minecraft:coal":1,"simplybackpacks:commonbackpack":1,"minecraft:stick":8,"minecraft:dirt":8,"minecraft:diorite":60,"minecraft:ink_sac":3,"minecraft:torch":1,"simplybackpacks:uncommonbackpack":1,"minecraft:iron_leggings":1,"minecraft:gold_nugget":16,"minecraft:sunflower":2,"minecraft:sand":10,"minecraft:iron_axe":2,"minecraft:iron_pickaxe":1,"minecraft:string":48,"minecraft:lily_pad":24,"minecraft:white_wool":8,"minecraft:redstone":47,"cgm:rifle":5,"minecraft:gravel":1,"minecraft:blaze_rod":4,"minecraft:rotten_flesh":14,"minecraft:oak_planks":909,"minecraft:iron_boots":2,"cgm:assault_rifle":5,"minecraft:carrot":3,"minecraft:shield":1,"minecraft:gunpowder":7,"minecraft:iron_chestplate":4,"minecraft:andesite":6,"minecraft:oak_boat":1,"minecraft:oak_sapling":11,"minecraft:spider_eye":9,"minecraft:arrow":7,"minecraft:glass":128,"minecraft:beef":1,"minecraft:quartz":64}},"DataVersion":2230}