{"stats":{"minecraft:crafted":{"minecraft:oak_planks":1116,"minecraft:furnace":1,"minecraft:bone_meal":27,"minecraft:flint_and_steel":1,"minecraft:iron_boots":3,"minecraft:iron_axe":4,"simplybackpacks:uncommonbackpack":2,"minecraft:iron_hoe":1,"minecraft:chest":7,"minecraft:wheat":1279,"minecraft:crafting_table":6,"simplybackpacks:commonbackpack":2,"minecraft:iron_helmet":3,"minecraft:iron_sword":2,"minecraft:gold_block":2,"minecraft:bucket":1,"minecraft:air":0,"minecraft:bread":431,"minecraft:oak_boat":1,"minecraft:iron_chestplate":3,"minecraft:diamond_pickaxe":1,"minecraft:yellow_dye":5,"minecraft:shield":2,"minecraft:white_dye":27,"minecraft:stick":28,"minecraft:iron_ingot":106,"minecraft:iron_pickaxe":3,"minecraft:iron_shovel":2,"minecraft:iron_leggings":2,"minecraft:gold_ingot":30,"minecraft:white_bed":3},"minecraft:mined":{"minecraft:diamond_ore":25,"minecraft:white_bed":6,"minecraft:dark_oak_leaves":4,"minecraft:dark_oak_log":1,"minecraft:brewing_stand":1,"minecraft:obsidian":3,"minecraft:nether_bricks":36,"minecraft:granite":82,"minecraft:grass_block":94,"minecraft:nether_wart":15,"minecraft:hay_block":147,"minecraft:redstone_ore":9,"minecraft:furnace":3,"minecraft:iron_ore":61,"minecraft:andesite":35,"minecraft:nether_brick_stairs":2,"minecraft:nether_brick_fence":5,"minecraft:rail":2,"minecraft:packed_ice":9,"minecraft:stone":598,"minecraft:white_wool":1,"minecraft:smithing_table":1,"minecraft:soul_sand":20,"minecraft:dandelion":5,"minecraft:oak_fence":1,"minecraft:crafting_table":8,"minecraft:torch":3,"minecraft:nether_quartz_ore":38,"minecraft:cobblestone":14,"minecraft:lapis_ore":13,"minecraft:oak_planks":19,"minecraft:diorite":43,"minecraft:wall_torch":2,"biomesoplenty:mud":3,"minecraft:grass":18,"minecraft:oak_log":279,"minecraft:coal_ore":44,"minecraft:gravel":34,"minecraft:sand":6,"minecraft:dirt":166,"minecraft:cobweb":37,"minecraft:netherrack":8,"minecraft:gold_ore":31,"minecraft:oak_leaves":15},"minecraft:killed_by":{"minecraft:player":2},"minecraft:killed":{"minecraft:cave_spider":11,"minecraft:zombie_pigman":1,"minecraft:spider":5,"minecraft:skeleton":18,"minecraft:drowned":1,"minecraft:zombie_villager":1,"minecraft:creeper":2,"minecraft:sheep":9,"minecraft:pillager":1,"minecraft:zombie":24,"minecraft:wither_skeleton":6,"minecraft:blaze":12,"minecraft:cow":13},"minecraft:dropped":{"minecraft:bread":126,"minecraft:iron_sword":2,"minecraft:wheat_seeds":1,"minecraft:cooked_beef":5,"minecraft:diamond":8,"minecraft:smithing_table":3,"minecraft:iron_helmet":4,"minecraft:oak_fence":2,"minecraft:cobblestone":13,"minecraft:granite":3,"minecraft:rail":2,"minecraft:coal":1,"simplybackpacks:commonbackpack":1,"minecraft:stick":8,"minecraft:dirt":8,"minecraft:diorite":60,"minecraft:ink_sac":3,"minecraft:torch":1,"simplybackpacks:uncommonbackpack":1,"minecraft:iron_leggings":1,"minecraft:gold_nugget":16,"minecraft:sunflower":2,"minecraft:sand":7,"minecraft:iron_axe":2,"minecraft:iron_pickaxe":1,"minecraft:string":47,"minecraft:white_wool":8,"minecraft:redstone":47,"minecraft:gravel":1,"minecraft:rotten_flesh":14,"minecraft:oak_planks":589,"minecraft:iron_boots":2,"minecraft:carrot":3,"minecraft:shield":1,"minecraft:iron_chestplate":4,"minecraft:andesite":6,"minecraft:oak_sapling":9,"minecraft:oak_boat":1,"minecraft:spider_eye":9,"minecraft:arrow":4,"minecraft:quartz":64},"minecraft:custom":{"minecraft:mob_kills":106,"minecraft:interact_with_crafting_table":65,"minecraft:leave_game":3,"minecraft:time_since_death":52753,"minecraft:climb_one_cm":563,"minecraft:sprint_one_cm":750059,"minecraft:walk_one_cm":642641,"minecraft:damage_blocked_by_shield":1050,"minecraft:drop":151,"minecraft:talked_to_villager":1,"minecraft:deaths":4,"minecraft:sneak_time":6174,"minecraft:walk_under_water_one_cm":31884,"minecraft:boat_one_cm":988049,"minecraft:jump":5496,"minecraft:walk_on_water_one_cm":41757,"minecraft:interact_with_furnace":58,"minecraft:play_one_minute":283495,"minecraft:sleep_in_bed":14,"minecraft:time_since_rest":12484,"minecraft:damage_taken":4991,"minecraft:damage_dealt":17095,"minecraft:player_kills":1,"minecraft:swim_one_cm":70218,"minecraft:fly_one_cm":1078717,"minecraft:open_chest":32,"minecraft:crouch_one_cm":14574,"minecraft:fall_one_cm":116323},"minecraft:picked_up":{"minecraft:crafting_table":9,"minecraft:iron_chestplate":3,"minecraft:wheat":15,"minecraft:nether_wart":20,"minecraft:smithing_table":3,"minecraft:brewing_stand":1,"minecraft:string":89,"minecraft:iron_axe":2,"minecraft:iron_leggings":1,"minecraft:gold_nugget":16,"minecraft:beef":26,"minecraft:oak_boat":7,"minecraft:furnace":3,"minecraft:iron_boots":1,"minecraft:egg":1,"minecraft:stick":8,"minecraft:oak_fence":2,"minecraft:torch":19,"minecraft:diorite":66,"minecraft:carrot":3,"minecraft:redstone":66,"minecraft:arrow":14,"minecraft:rotten_flesh":25,"minecraft:nether_bricks":40,"minecraft:hay_block":146,"minecraft:gold_ingot":2,"minecraft:blaze_rod":9,"minecraft:obsidian":3,"minecraft:mutton":13,"minecraft:rail":2,"minecraft:white_wool":20,"minecraft:cobblestone":486,"minecraft:cooked_beef":9,"minecraft:andesite":35,"minecraft:leather":15,"minecraft:flint":1,"minecraft:oak_log":279,"minecraft:lily_pad":2,"minecraft:gunpowder":4,"minecraft:wither_skeleton_skull":1,"simplybackpacks:commonbackpack":1,"minecraft:lapis_lazuli":139,"minecraft:dirt":278,"minecraft:white_banner":1,"minecraft:bone":14,"minecraft:apple":1,"minecraft:wheat_seeds":8,"minecraft:iron_ingot":2,"minecraft:iron_ore":81,"minecraft:iron_sword":1,"minecraft:oak_planks":135,"minecraft:soul_sand":20,"minecraft:quartz":293,"minecraft:dandelion":5,"minecraft:gravel":22,"minecraft:sand":7,"minecraft:nether_brick_stairs":2,"minecraft:ink_sac":3,"minecraft:white_bed":7,"minecraft:gold_ore":30,"minecraft:spider_eye":9,"minecraft:diamond":27,"minecraft:iron_helmet":3,"minecraft:granite":85,"minecraft:bread":43,"minecraft:oak_sapling":10,"minecraft:netherrack":26,"minecraft:coal":77,"minecraft:sunflower":2},"minecraft:used":{"minecraft:iron_shovel":294,"minecraft:flint_and_steel":1,"minecraft:chest":1,"minecraft:iron_sword":86,"minecraft:torch":18,"minecraft:dirt":196,"minecraft:mutton":1,"minecraft:nether_bricks":24,"minecraft:granite":22,"minecraft:obsidian":10,"minecraft:iron_axe":556,"minecraft:furnace":4,"minecraft:egg":1,"minecraft:cooked_beef":1,"minecraft:water_bucket":1,"minecraft:diorite":1,"minecraft:oak_planks":277,"minecraft:lily_pad":2,"minecraft:white_wool":3,"minecraft:crafting_table":14,"minecraft:white_bed":8,"minecraft:diamond_pickaxe":331,"minecraft:bread":105,"minecraft:iron_pickaxe":745,"minecraft:gravel":17,"minecraft:cobblestone":381,"minecraft:andesite":6,"minecraft:bucket":2,"minecraft:oak_boat":7},"minecraft:broken":{"minecraft:iron_shovel":1,"minecraft:iron_axe":3,"minecraft:iron_pickaxe":1}},"DataVersion":2230}