{"stats":{"minecraft:custom":{"minecraft:mob_kills":272,"minecraft:interact_with_crafting_table":89,"minecraft:leave_game":9,"minecraft:time_since_death":34454,"minecraft:climb_one_cm":1431,"minecraft:sprint_one_cm":1682103,"minecraft:walk_one_cm":1244753,"minecraft:damage_blocked_by_shield":1479,"minecraft:drop":229,"minecraft:talked_to_villager":1,"minecraft:sneak_time":8482,"minecraft:deaths":9,"minecraft:walk_under_water_one_cm":94569,"minecraft:boat_one_cm":1246357,"minecraft:jump":12160,"minecraft:interact_with_blast_furnace":11,"minecraft:walk_on_water_one_cm":99025,"minecraft:interact_with_furnace":161,"minecraft:play_one_minute":557500,"minecraft:sleep_in_bed":21,"minecraft:time_since_rest":15291,"minecraft:damage_taken":10027,"minecraft:damage_dealt":20671,"minecraft:player_kills":4,"minecraft:swim_one_cm":388251,"minecraft:fly_one_cm":2775006,"minecraft:open_chest":76,"minecraft:crouch_one_cm":15879,"minecraft:fall_one_cm":269623},"minecraft:crafted":{"minecraft:light_gray_concrete_powder":24,"minecraft:oak_planks":1336,"minecraft:iron_nugget":153,"minecraft:blaze_powder":10,"minecraft:furnace":4,"minecraft:bone_meal":27,"minecraft:flint_and_steel":1,"minecraft:glass":79,"minecraft:iron_boots":3,"simplybackpacks:uncommonbackpack":2,"minecraft:iron_axe":4,"minecraft:iron_hoe":1,"minecraft:chest":7,"minecraft:ender_eye":2,"cgm:workbench":2,"minecraft:wheat":1279,"minecraft:red_dye":2,"securitycraft:universal_block_modifier":1,"minecraft:crafting_table":11,"simplybackpacks:commonbackpack":2,"minecraft:iron_helmet":4,"minecraft:iron_sword":2,"minecraft:gold_block":2,"minecraft:bucket":1,"minecraft:air":0,"minecraft:bread":431,"minecraft:oak_boat":3,"minecraft:iron_chestplate":3,"minecraft:diamond_pickaxe":1,"minecraft:yellow_dye":5,"minecraft:shield":2,"minecraft:white_dye":27,"minecraft:stick":28,"minecraft:iron_ingot":279,"minecraft:iron_pickaxe":3,"minecraft:iron_shovel":2,"minecraft:iron_leggings":2,"minecraft:gold_ingot":30,"minecraft:light_gray_dye":3,"minecraft:white_bed":3},"minecraft:broken":{"minecraft:iron_shovel":2,"minecraft:iron_axe":4,"minecraft:iron_pickaxe":1,"minecraft:iron_helmet":1},"minecraft:mined":{"minecraft:diamond_ore":29,"minecraft:white_bed":10,"minecraft:dark_oak_leaves":4,"minecraft:dark_oak_log":1,"minecraft:brewing_stand":1,"minecraft:obsidian":3,"minecraft:nether_bricks":36,"minecraft:granite":92,"minecraft:grass_block":103,"minecraft:oxeye_daisy":2,"minecraft:nether_wart":15,"cgm:workbench":1,"minecraft:hay_block":171,"minecraft:redstone_ore":13,"minecraft:furnace":3,"minecraft:iron_ore":254,"minecraft:andesite":47,"minecraft:nether_brick_stairs":2,"minecraft:azure_bluet":1,"minecraft:nether_brick_fence":5,"minecraft:rail":2,"minecraft:light_gray_concrete":8,"minecraft:packed_ice":9,"minecraft:pink_tulip":4,"minecraft:white_tulip":38,"minecraft:stone":644,"minecraft:white_wool":1,"minecraft:smithing_table":1,"minecraft:soul_sand":20,"minecraft:dandelion":5,"minecraft:oak_fence":1,"minecraft:crafting_table":9,"minecraft:torch":5,"minecraft:blast_furnace":1,"minecraft:poppy":2,"minecraft:lectern":1,"minecraft:nether_quartz_ore":38,"minecraft:cobblestone":14,"minecraft:lapis_ore":13,"minecraft:lily_pad":1,"minecraft:oak_planks":209,"minecraft:wall_torch":9,"minecraft:diorite":45,"minecraft:birch_leaves":1,"biomesoplenty:mud":8,"minecraft:grass":26,"minecraft:coal_ore":70,"minecraft:oak_log":335,"minecraft:gravel":34,"minecraft:sand":232,"minecraft:dirt":174,"minecraft:cobweb":37,"minecraft:netherrack":8,"minecraft:gold_ore":31,"minecraft:oak_leaves":22},"minecraft:killed_by":{"minecraft:player":7},"minecraft:killed":{"minecraft:cave_spider":12,"minecraft:zombie_pigman":1,"minecraft:spider":17,"minecraft:skeleton":53,"minecraft:drowned":8,"minecraft:wolf":3,"minecraft:pig":2,"minecraft:zombie_villager":2,"minecraft:creeper":68,"minecraft:sheep":9,"minecraft:pillager":1,"minecraft:donkey":1,"minecraft:zombie":56,"minecraft:wither_skeleton":6,"minecraft:villager":1,"minecraft:blaze":12,"minecraft:enderman":4,"minecraft:cow":14},"minecraft:used":{"minecraft:iron_shovel":514,"minecraft:flint_and_steel":1,"minecraft:chest":1,"minecraft:iron_sword":155,"minecraft:torch":56,"minecraft:dirt":222,"minecraft:mutton":1,"cgm:workbench":2,"minecraft:nether_bricks":24,"minecraft:granite":26,"minecraft:obsidian":10,"minecraft:glass":68,"minecraft:iron_axe":803,"minecraft:beef":1,"minecraft:furnace":8,"minecraft:egg":3,"minecraft:cooked_beef":1,"minecraft:water_bucket":1,"minecraft:diorite":1,"minecraft:oak_planks":596,"minecraft:lily_pad":2,"minecraft:white_wool":3,"minecraft:crafting_table":20,"minecraft:blast_furnace":1,"minecraft:white_bed":12,"minecraft:light_gray_concrete_powder":8,"minecraft:ender_eye":16,"minecraft:diamond_pickaxe":650,"minecraft:bread":208,"minecraft:iron_pickaxe":745,"minecraft:gravel":17,"minecraft:cobblestone":423,"minecraft:andesite":9,"minecraft:bucket":2,"minecraft:oak_boat":10},"minecraft:picked_up":{"minecraft:iron_chestplate":3,"minecraft:crafting_table":10,"minecraft:wheat":15,"minecraft:azure_bluet":2,"cgm:basic_bullet":448,"minecraft:nether_wart":20,"minecraft:smithing_table":3,"minecraft:diamond_horse_armor":1,"minecraft:brewing_stand":1,"minecraft:string":98,"minecraft:iron_axe":2,"minecraft:iron_leggings":1,"minecraft:gold_nugget":16,"cgm:mini_gun":1,"minecraft:beef":28,"minecraft:white_tulip":37,"minecraft:oak_boat":8,"minecraft:ender_eye":14,"minecraft:lectern":1,"minecraft:poppy":2,"cgm:bazooka":1,"cgm:advanced_bullet":192,"minecraft:furnace":4,"minecraft:iron_boots":1,"minecraft:egg":4,"minecraft:stick":10,"minecraft:oak_fence":2,"minecraft:torch":28,"minecraft:porkchop":1,"minecraft:diorite":69,"minecraft:carrot":3,"minecraft:redstone":98,"minecraft:arrow":38,"minecraft:rotten_flesh":50,"minecraft:nether_bricks":40,"cgm:assault_rifle":7,"minecraft:hay_block":170,"minecraft:pink_tulip":5,"minecraft:saddle":1,"minecraft:gold_ingot":2,"minecraft:blaze_rod":12,"minecraft:obsidian":3,"minecraft:mutton":13,"minecraft:rail":2,"minecraft:white_wool":21,"minecraft:cobblestone":541,"minecraft:oxeye_daisy":2,"minecraft:cooked_beef":9,"minecraft:andesite":47,"minecraft:leather":15,"minecraft:birch_planks":5,"minecraft:flint":1,"minecraft:oak_log":334,"minecraft:lily_pad":38,"minecraft:gunpowder":70,"minecraft:wither_skeleton_skull":1,"simplybackpacks:commonbackpack":1,"minecraft:lapis_lazuli":139,"minecraft:dirt":293,"minecraft:white_banner":1,"cgm:grenade":4,"minecraft:glass":128,"minecraft:bone":33,"minecraft:apple":2,"minecraft:wheat_seeds":9,"minecraft:iron_ingot":3,"minecraft:iron_ore":271,"minecraft:iron_sword":1,"minecraft:oak_planks":447,"minecraft:soul_sand":20,"minecraft:book":12,"cgm:rifle":6,"minecraft:quartz":485,"minecraft:dandelion":5,"minecraft:gravel":23,"minecraft:sand":225,"minecraft:blast_furnace":1,"minecraft:nether_brick_stairs":2,"minecraft:ink_sac":3,"minecraft:white_bed":11,"minecraft:gold_ore":30,"minecraft:spider_eye":10,"minecraft:light_gray_concrete":8,"minecraft:diamond":31,"minecraft:iron_helmet":3,"minecraft:granite":97,"biomesoplenty:mud_ball":24,"minecraft:bread":58,"minecraft:oak_sapling":12,"minecraft:netherrack":103,"minecraft:coal":140,"minecraft:sunflower":2,"minecraft:ender_pearl":3},"minecraft:dropped":{"minecraft:iron_sword":2,"minecraft:bread":158,"minecraft:porkchop":1,"minecraft:wheat_seeds":2,"minecraft:cooked_beef":5,"minecraft:diamond":8,"minecraft:smithing_table":3,"minecraft:oak_fence":2,"minecraft:iron_helmet":4,"minecraft:cobblestone":18,"biomesoplenty:mud_ball":12,"minecraft:apple":1,"minecraft:granite":8,"minecraft:rail":2,"minecraft:coal":1,"simplybackpacks:commonbackpack":1,"minecraft:stick":8,"minecraft:dirt":11,"minecraft:diorite":62,"minecraft:ink_sac":3,"minecraft:torch":1,"simplybackpacks:uncommonbackpack":1,"minecraft:iron_leggings":1,"minecraft:gold_nugget":16,"minecraft:sunflower":2,"minecraft:sand":10,"minecraft:iron_axe":2,"minecraft:iron_pickaxe":1,"minecraft:string":48,"minecraft:lily_pad":24,"minecraft:white_wool":9,"minecraft:bone":9,"minecraft:pink_tulip":5,"minecraft:redstone":47,"cgm:rifle":5,"minecraft:gravel":1,"minecraft:blaze_rod":4,"minecraft:rotten_flesh":18,"minecraft:oak_planks":927,"minecraft:iron_boots":3,"cgm:assault_rifle":6,"minecraft:carrot":3,"minecraft:filled_map":1,"minecraft:shield":1,"minecraft:gunpowder":7,"minecraft:iron_chestplate":4,"minecraft:andesite":9,"minecraft:oak_boat":1,"minecraft:oak_sapling":11,"minecraft:spider_eye":9,"minecraft:arrow":20,"minecraft:glass":128,"minecraft:beef":1,"minecraft:quartz":64}},"DataVersion":2230}