{"stats":{"minecraft:killed_by":{"minecraft:player":2},"minecraft:custom":{"minecraft:mob_kills":103,"minecraft:interact_with_crafting_table":45,"minecraft:leave_game":2,"minecraft:time_since_death":6669,"minecraft:climb_one_cm":366,"minecraft:sprint_one_cm":673176,"minecraft:walk_one_cm":541572,"minecraft:damage_blocked_by_shield":1050,"minecraft:drop":133,"minecraft:talked_to_villager":1,"minecraft:deaths":4,"minecraft:sneak_time":5665,"minecraft:walk_under_water_one_cm":13645,"minecraft:boat_one_cm":988049,"minecraft:jump":4813,"minecraft:walk_on_water_one_cm":31104,"minecraft:interact_with_furnace":52,"minecraft:play_one_minute":237411,"minecraft:sleep_in_bed":9,"minecraft:time_since_rest":6705,"minecraft:damage_taken":4875,"minecraft:damage_dealt":16400,"minecraft:player_kills":1,"minecraft:fly_one_cm":919622,"minecraft:swim_one_cm":27241,"minecraft:open_chest":27,"minecraft:crouch_one_cm":14479,"minecraft:fall_one_cm":106487},"minecraft:dropped":{"minecraft:bread":126,"minecraft:iron_sword":2,"minecraft:wheat_seeds":1,"minecraft:cooked_beef":5,"minecraft:diamond":8,"minecraft:smithing_table":3,"minecraft:oak_fence":2,"minecraft:iron_helmet":4,"minecraft:cobblestone":13,"minecraft:granite":3,"minecraft:rail":2,"minecraft:coal":1,"simplybackpacks:commonbackpack":1,"minecraft:stick":8,"minecraft:dirt":8,"minecraft:diorite":60,"minecraft:torch":1,"minecraft:iron_leggings":1,"minecraft:gold_nugget":16,"minecraft:sunflower":2,"minecraft:iron_axe":2,"minecraft:sand":7,"minecraft:iron_pickaxe":1,"minecraft:string":9,"minecraft:white_wool":8,"minecraft:redstone":47,"minecraft:gravel":1,"minecraft:rotten_flesh":14,"minecraft:oak_planks":64,"minecraft:iron_boots":2,"minecraft:carrot":3,"minecraft:shield":1,"minecraft:iron_chestplate":4,"minecraft:andesite":6,"minecraft:oak_boat":1,"minecraft:spider_eye":7,"minecraft:quartz":64},"minecraft:killed":{"minecraft:cave_spider":10,"minecraft:zombie_pigman":1,"minecraft:spider":5,"minecraft:skeleton":18,"minecraft:zombie_villager":1,"minecraft:creeper":2,"minecraft:sheep":9,"minecraft:zombie":24,"minecraft:wither_skeleton":6,"minecraft:blaze":12,"minecraft:cow":13},"minecraft:broken":{"minecraft:iron_axe":1,"minecraft:iron_pickaxe":1},"minecraft:crafted":{"minecraft:oak_planks":188,"minecraft:furnace":1,"minecraft:bone_meal":27,"minecraft:flint_and_steel":1,"minecraft:iron_boots":3,"minecraft:iron_axe":2,"minecraft:iron_hoe":1,"minecraft:chest":3,"minecraft:wheat":1279,"minecraft:crafting_table":4,"simplybackpacks:commonbackpack":2,"minecraft:iron_helmet":3,"minecraft:iron_sword":2,"minecraft:bread":431,"minecraft:air":0,"minecraft:oak_boat":1,"minecraft:iron_chestplate":3,"minecraft:diamond_pickaxe":1,"minecraft:shield":2,"minecraft:white_dye":27,"minecraft:stick":24,"minecraft:iron_ingot":91,"minecraft:iron_pickaxe":2,"minecraft:iron_leggings":2,"minecraft:iron_shovel":1,"minecraft:gold_ingot":30,"minecraft:white_bed":1},"minecraft:mined":{"minecraft:diamond_ore":25,"minecraft:white_bed":5,"minecraft:dark_oak_leaves":4,"minecraft:dark_oak_log":1,"minecraft:brewing_stand":1,"minecraft:obsidian":3,"minecraft:nether_bricks":36,"minecraft:granite":78,"minecraft:grass_block":1,"minecraft:nether_wart":15,"minecraft:hay_block":147,"minecraft:redstone_ore":9,"minecraft:furnace":3,"minecraft:iron_ore":61,"minecraft:andesite":35,"minecraft:nether_brick_stairs":2,"minecraft:nether_brick_fence":5,"minecraft:rail":2,"minecraft:packed_ice":9,"minecraft:stone":577,"minecraft:white_wool":1,"minecraft:smithing_table":1,"minecraft:soul_sand":20,"minecraft:oak_fence":1,"minecraft:crafting_table":5,"minecraft:torch":3,"minecraft:nether_quartz_ore":38,"minecraft:cobblestone":14,"minecraft:lapis_ore":13,"minecraft:oak_planks":1,"minecraft:diorite":37,"minecraft:wall_torch":2,"minecraft:grass":14,"minecraft:oak_log":47,"minecraft:coal_ore":44,"minecraft:gravel":34,"minecraft:sand":6,"minecraft:dirt":32,"minecraft:cobweb":37,"minecraft:netherrack":8,"minecraft:gold_ore":31,"minecraft:oak_leaves":3},"minecraft:used":{"minecraft:iron_shovel":74,"minecraft:flint_and_steel":1,"minecraft:chest":1,"minecraft:iron_sword":84,"minecraft:torch":18,"minecraft:dirt":2,"minecraft:mutton":1,"minecraft:nether_bricks":24,"minecraft:granite":1,"minecraft:obsidian":10,"minecraft:iron_axe":280,"minecraft:furnace":4,"minecraft:egg":1,"minecraft:cooked_beef":1,"minecraft:diorite":1,"minecraft:oak_planks":24,"minecraft:lily_pad":2,"minecraft:white_wool":3,"minecraft:crafting_table":10,"minecraft:white_bed":6,"minecraft:diamond_pickaxe":331,"minecraft:bread":97,"minecraft:iron_pickaxe":708,"minecraft:gravel":17,"minecraft:cobblestone":381,"minecraft:andesite":6,"minecraft:oak_boat":7},"minecraft:picked_up":{"minecraft:iron_chestplate":3,"minecraft:crafting_table":6,"minecraft:wheat":15,"minecraft:nether_wart":20,"minecraft:smithing_table":3,"minecraft:brewing_stand":1,"minecraft:string":50,"minecraft:iron_axe":2,"minecraft:iron_leggings":1,"minecraft:gold_nugget":16,"minecraft:beef":26,"minecraft:oak_boat":7,"minecraft:iron_boots":1,"minecraft:furnace":3,"minecraft:egg":1,"minecraft:stick":4,"minecraft:oak_fence":2,"minecraft:torch":19,"minecraft:diorite":61,"minecraft:carrot":3,"minecraft:redstone":66,"minecraft:arrow":11,"minecraft:rotten_flesh":23,"minecraft:nether_bricks":40,"minecraft:hay_block":146,"minecraft:gold_ingot":2,"minecraft:blaze_rod":9,"minecraft:mutton":13,"minecraft:obsidian":3,"minecraft:cobblestone":465,"minecraft:white_wool":14,"minecraft:rail":2,"minecraft:cooked_beef":9,"minecraft:andesite":35,"minecraft:leather":15,"minecraft:flint":1,"minecraft:oak_log":47,"minecraft:lily_pad":2,"minecraft:gunpowder":4,"minecraft:wither_skeleton_skull":1,"minecraft:lapis_lazuli":139,"minecraft:dirt":33,"minecraft:bone":14,"minecraft:wheat_seeds":1,"minecraft:iron_ingot":2,"minecraft:iron_ore":81,"minecraft:iron_sword":1,"minecraft:soul_sand":20,"minecraft:oak_planks":1,"minecraft:quartz":293,"minecraft:gravel":22,"minecraft:sand":7,"minecraft:nether_brick_stairs":2,"minecraft:white_bed":5,"minecraft:gold_ore":30,"minecraft:spider_eye":7,"minecraft:diamond":27,"minecraft:iron_helmet":3,"minecraft:granite":81,"minecraft:bread":43,"minecraft:netherrack":26,"minecraft:coal":77,"minecraft:sunflower":2}},"DataVersion":2230}