{"stats":{"minecraft:custom":{"minecraft:interact_with_furnace":50,"minecraft:mob_kills":43,"minecraft:interact_with_crafting_table":22,"minecraft:play_one_minute":70386,"minecraft:leave_game":11,"minecraft:time_since_death":70386,"minecraft:climb_one_cm":970,"minecraft:time_since_rest":70386,"minecraft:sprint_one_cm":258526,"minecraft:damage_taken":566,"minecraft:walk_one_cm":104026,"minecraft:drop":6,"minecraft:damage_dealt":4896,"minecraft:swim_one_cm":51592,"minecraft:fly_one_cm":328059,"minecraft:open_chest":3,"minecraft:crouch_one_cm":27010,"minecraft:sneak_time":8772,"minecraft:walk_under_water_one_cm":13282,"minecraft:boat_one_cm":310599,"minecraft:jump":1449,"minecraft:walk_on_water_one_cm":12529,"minecraft:fall_one_cm":34535},"minecraft:crafted":{"minecraft:cooked_beef":7,"minecraft:wooden_sword":1,"minecraft:oak_planks":48,"minecraft:cooked_porkchop":2,"minecraft:crafting_table":1,"minecraft:wooden_pickaxe":1,"minecraft:iron_helmet":1,"minecraft:iron_sword":1,"minecraft:furnace":1,"minecraft:bucket":1,"minecraft:cooked_mutton":5,"minecraft:air":0,"minecraft:oak_boat":1,"minecraft:iron_boots":1,"minecraft:iron_chestplate":1,"minecraft:shield":1,"minecraft:stick":20,"minecraft:iron_ingot":23,"minecraft:stone_pickaxe":2,"minecraft:torch":40},"minecraft:broken":{"minecraft:stone_pickaxe":1,"minecraft:wooden_sword":1},"minecraft:mined":{"biomesoplenty:root":2,"minecraft:crafting_table":9,"minecraft:torch":2,"minecraft:granite":1,"minecraft:grass_block":1,"minecraft:cobblestone":4,"minecraft:diorite":2,"minecraft:wall_torch":5,"minecraft:furnace":4,"minecraft:iron_ore":49,"biomesoplenty:violet":1,"minecraft:andesite":2,"minecraft:birch_leaves":1,"biomesoplenty:mud":1,"minecraft:grass":10,"minecraft:oak_log":12,"minecraft:coal_ore":81,"minecraft:packed_ice":11,"minecraft:stone":40,"minecraft:oak_leaves":1},"minecraft:killed":{"minecraft:pig":8,"minecraft:spider":1,"minecraft:sheep":6,"minecraft:zombie":5,"minecraft:cow":23},"minecraft:picked_up":{"minecraft:crafting_table":9,"minecraft:andesite":2,"minecraft:leather":23,"biomesoplenty:violet":1,"minecraft:oak_log":12,"minecraft:dirt":1,"minecraft:string":2,"minecraft:wheat_seeds":6,"minecraft:beef":43,"minecraft:oak_boat":5,"minecraft:iron_ore":49,"minecraft:light_gray_wool":1,"minecraft:egg":3,"minecraft:furnace":4,"minecraft:stick":1,"minecraft:torch":7,"minecraft:porkchop":17,"minecraft:diorite":2,"minecraft:rotten_flesh":6,"minecraft:granite":1,"biomesoplenty:mud_ball":4,"minecraft:oak_sapling":1,"minecraft:black_wool":1,"minecraft:mutton":15,"minecraft:coal":192,"minecraft:white_wool":4,"minecraft:cobblestone":38},"minecraft:used":{"minecraft:cooked_mutton":5,"minecraft:water_bucket":2,"minecraft:stone_pickaxe":165,"minecraft:oak_planks":6,"minecraft:wooden_pickaxe":49,"minecraft:iron_sword":67,"minecraft:torch":9,"minecraft:crafting_table":10,"minecraft:wooden_sword":63,"minecraft:cobblestone":10,"minecraft:furnace":5,"minecraft:oak_sapling":1,"minecraft:bucket":3,"minecraft:oak_boat":5,"minecraft:egg":3,"minecraft:cooked_beef":7},"minecraft:dropped":{"minecraft:wheat_seeds":6,"minecraft:light_gray_wool":1,"biomesoplenty:mud_ball":4,"minecraft:stick":1,"minecraft:diorite":2}},"DataVersion":2230}