{"stats":{"minecraft:custom":{"minecraft:interact_with_furnace":36,"minecraft:mob_kills":37,"minecraft:interact_with_crafting_table":14,"minecraft:play_one_minute":47912,"minecraft:leave_game":7,"minecraft:time_since_death":47912,"minecraft:climb_one_cm":970,"minecraft:time_since_rest":47912,"minecraft:sprint_one_cm":180774,"minecraft:damage_taken":330,"minecraft:walk_one_cm":67128,"minecraft:drop":6,"minecraft:damage_dealt":3669,"minecraft:swim_one_cm":43793,"minecraft:fly_one_cm":244841,"minecraft:open_chest":3,"minecraft:crouch_one_cm":19443,"minecraft:sneak_time":6497,"minecraft:walk_under_water_one_cm":10509,"minecraft:boat_one_cm":199735,"minecraft:jump":1082,"minecraft:walk_on_water_one_cm":9953,"minecraft:fall_one_cm":29018},"minecraft:crafted":{"minecraft:cooked_beef":7,"minecraft:wooden_sword":1,"minecraft:oak_planks":48,"minecraft:crafting_table":1,"minecraft:wooden_pickaxe":1,"minecraft:iron_sword":1,"minecraft:furnace":1,"minecraft:bucket":1,"minecraft:cooked_mutton":5,"minecraft:air":0,"minecraft:oak_boat":1,"minecraft:iron_boots":1,"minecraft:stick":8,"minecraft:iron_ingot":14,"minecraft:stone_pickaxe":1},"minecraft:broken":{"minecraft:wooden_sword":1},"minecraft:mined":{"biomesoplenty:root":1,"minecraft:crafting_table":7,"minecraft:cobblestone":1,"minecraft:diorite":2,"minecraft:furnace":3,"minecraft:iron_ore":14,"biomesoplenty:violet":1,"minecraft:birch_leaves":1,"biomesoplenty:mud":1,"minecraft:grass":10,"minecraft:coal_ore":62,"minecraft:oak_log":12,"minecraft:packed_ice":8,"minecraft:stone":24,"minecraft:oak_leaves":1},"minecraft:killed":{"minecraft:pig":8,"minecraft:sheep":6,"minecraft:cow":23},"minecraft:picked_up":{"minecraft:crafting_table":7,"minecraft:leather":23,"biomesoplenty:violet":1,"minecraft:oak_log":12,"minecraft:wheat_seeds":6,"minecraft:beef":43,"minecraft:iron_ore":14,"minecraft:oak_boat":3,"minecraft:light_gray_wool":1,"minecraft:egg":3,"minecraft:furnace":3,"minecraft:stick":1,"minecraft:porkchop":17,"minecraft:diorite":2,"biomesoplenty:mud_ball":4,"minecraft:oak_sapling":1,"minecraft:black_wool":1,"minecraft:mutton":15,"minecraft:coal":173,"minecraft:white_wool":4,"minecraft:cobblestone":22},"minecraft:used":{"minecraft:cooked_mutton":2,"minecraft:water_bucket":1,"minecraft:stone_pickaxe":73,"minecraft:oak_planks":6,"minecraft:wooden_pickaxe":49,"minecraft:iron_sword":24,"minecraft:crafting_table":7,"minecraft:wooden_sword":63,"minecraft:cobblestone":4,"minecraft:oak_sapling":1,"minecraft:furnace":3,"minecraft:bucket":2,"minecraft:oak_boat":3,"minecraft:egg":3,"minecraft:cooked_beef":7},"minecraft:dropped":{"minecraft:wheat_seeds":6,"minecraft:light_gray_wool":1,"biomesoplenty:mud_ball":4,"minecraft:stick":1,"minecraft:diorite":2}},"DataVersion":2230}