{"stats":{"minecraft:custom":{"minecraft:interact_with_furnace":36,"minecraft:mob_kills":39,"minecraft:interact_with_crafting_table":14,"minecraft:play_one_minute":59223,"minecraft:leave_game":8,"minecraft:time_since_death":59223,"minecraft:climb_one_cm":970,"minecraft:time_since_rest":59223,"minecraft:sprint_one_cm":234854,"minecraft:damage_taken":440,"minecraft:walk_one_cm":86330,"minecraft:drop":6,"minecraft:damage_dealt":4204,"minecraft:swim_one_cm":51592,"minecraft:fly_one_cm":318614,"minecraft:open_chest":3,"minecraft:crouch_one_cm":22503,"minecraft:sneak_time":7167,"minecraft:walk_under_water_one_cm":13282,"minecraft:boat_one_cm":310599,"minecraft:jump":1348,"minecraft:walk_on_water_one_cm":11345,"minecraft:fall_one_cm":33198},"minecraft:crafted":{"minecraft:cooked_beef":7,"minecraft:wooden_sword":1,"minecraft:oak_planks":48,"minecraft:crafting_table":1,"minecraft:wooden_pickaxe":1,"minecraft:iron_sword":1,"minecraft:furnace":1,"minecraft:bucket":1,"minecraft:cooked_mutton":5,"minecraft:air":0,"minecraft:oak_boat":1,"minecraft:iron_boots":1,"minecraft:stick":8,"minecraft:iron_ingot":14,"minecraft:stone_pickaxe":1,"minecraft:torch":4},"minecraft:broken":{"minecraft:wooden_sword":1},"minecraft:mined":{"biomesoplenty:root":2,"minecraft:crafting_table":7,"minecraft:grass_block":1,"minecraft:cobblestone":1,"minecraft:diorite":2,"minecraft:furnace":3,"minecraft:iron_ore":23,"biomesoplenty:violet":1,"minecraft:birch_leaves":1,"biomesoplenty:mud":1,"minecraft:grass":10,"minecraft:oak_log":12,"minecraft:coal_ore":65,"minecraft:packed_ice":11,"minecraft:stone":26,"minecraft:oak_leaves":1},"minecraft:killed":{"minecraft:pig":8,"minecraft:spider":1,"minecraft:sheep":6,"minecraft:zombie":1,"minecraft:cow":23},"minecraft:picked_up":{"minecraft:crafting_table":7,"minecraft:leather":23,"biomesoplenty:violet":1,"minecraft:oak_log":12,"minecraft:string":2,"minecraft:dirt":1,"minecraft:wheat_seeds":6,"minecraft:beef":43,"minecraft:iron_ore":23,"minecraft:oak_boat":5,"minecraft:light_gray_wool":1,"minecraft:egg":3,"minecraft:furnace":3,"minecraft:stick":1,"minecraft:porkchop":17,"minecraft:diorite":2,"minecraft:rotten_flesh":1,"biomesoplenty:mud_ball":4,"minecraft:oak_sapling":1,"minecraft:black_wool":1,"minecraft:mutton":15,"minecraft:coal":176,"minecraft:white_wool":4,"minecraft:cobblestone":24},"minecraft:used":{"minecraft:cooked_mutton":4,"minecraft:water_bucket":2,"minecraft:stone_pickaxe":93,"minecraft:oak_planks":6,"minecraft:wooden_pickaxe":49,"minecraft:iron_sword":47,"minecraft:crafting_table":7,"minecraft:wooden_sword":63,"minecraft:cobblestone":4,"minecraft:oak_sapling":1,"minecraft:furnace":3,"minecraft:bucket":3,"minecraft:oak_boat":5,"minecraft:egg":3,"minecraft:cooked_beef":7},"minecraft:dropped":{"minecraft:wheat_seeds":6,"minecraft:light_gray_wool":1,"biomesoplenty:mud_ball":4,"minecraft:stick":1,"minecraft:diorite":2}},"DataVersion":2230}