{"stats":{"minecraft:used":{"minecraft:stone_pickaxe":60,"minecraft:oak_planks":6,"minecraft:wooden_pickaxe":49,"minecraft:iron_sword":24,"minecraft:wooden_sword":63,"minecraft:cobblestone":4,"minecraft:crafting_table":7,"minecraft:furnace":2,"minecraft:oak_sapling":1,"minecraft:oak_boat":1,"minecraft:bucket":1,"minecraft:egg":3,"minecraft:cooked_beef":7},"minecraft:broken":{"minecraft:wooden_sword":1},"minecraft:dropped":{"minecraft:wheat_seeds":6,"minecraft:diorite":2,"biomesoplenty:mud_ball":4,"minecraft:stick":1},"minecraft:killed":{"minecraft:sheep":6,"minecraft:pig":8,"minecraft:cow":23},"minecraft:crafted":{"minecraft:cooked_beef":7,"minecraft:wooden_sword":1,"minecraft:oak_boat":1,"minecraft:oak_planks":48,"minecraft:iron_boots":1,"minecraft:crafting_table":1,"minecraft:stick":8,"minecraft:iron_ingot":14,"minecraft:wooden_pickaxe":1,"minecraft:stone_pickaxe":1,"minecraft:iron_sword":1,"minecraft:furnace":1,"minecraft:bucket":1,"minecraft:air":0},"minecraft:mined":{"biomesoplenty:root":1,"minecraft:furnace":2,"minecraft:iron_ore":14,"biomesoplenty:violet":1,"minecraft:birch_leaves":1,"minecraft:crafting_table":7,"biomesoplenty:mud":1,"minecraft:grass":10,"minecraft:oak_log":12,"minecraft:coal_ore":59,"minecraft:cobblestone":1,"minecraft:stone":23,"minecraft:diorite":2,"minecraft:oak_leaves":1},"minecraft:picked_up":{"minecraft:stick":1,"minecraft:crafting_table":7,"minecraft:leather":23,"biomesoplenty:violet":1,"minecraft:porkchop":17,"minecraft:oak_log":12,"minecraft:diorite":2,"minecraft:wheat_seeds":6,"minecraft:beef":43,"minecraft:iron_ore":14,"biomesoplenty:mud_ball":4,"minecraft:white_wool":4,"minecraft:light_gray_wool":1,"minecraft:oak_sapling":1,"minecraft:black_wool":1,"minecraft:mutton":10,"minecraft:coal":112,"minecraft:furnace":2,"minecraft:cobblestone":21,"minecraft:egg":3},"minecraft:custom":{"minecraft:time_since_rest":37388,"minecraft:interact_with_furnace":28,"minecraft:sprint_one_cm":153718,"minecraft:damage_taken":320,"minecraft:walk_one_cm":55452,"minecraft:mob_kills":37,"minecraft:drop":5,"minecraft:damage_dealt":3669,"minecraft:swim_one_cm":19677,"minecraft:interact_with_crafting_table":14,"minecraft:fly_one_cm":191200,"minecraft:open_chest":1,"minecraft:play_one_minute":37388,"minecraft:crouch_one_cm":17576,"minecraft:sneak_time":6045,"minecraft:walk_under_water_one_cm":2484,"minecraft:boat_one_cm":71130,"minecraft:jump":861,"minecraft:leave_game":7,"minecraft:time_since_death":37388,"minecraft:walk_on_water_one_cm":7174,"minecraft:climb_one_cm":970,"minecraft:fall_one_cm":23617}},"DataVersion":2230}