{"stats":{"minecraft:custom":{"minecraft:interact_with_furnace":95,"minecraft:mob_kills":53,"minecraft:interact_with_crafting_table":26,"minecraft:play_one_minute":106858,"minecraft:leave_game":13,"minecraft:time_since_death":106858,"minecraft:climb_one_cm":970,"minecraft:time_since_rest":106858,"minecraft:sprint_one_cm":350344,"minecraft:damage_taken":731,"minecraft:walk_one_cm":161034,"minecraft:drop":6,"minecraft:damage_dealt":6358,"minecraft:swim_one_cm":53338,"minecraft:fly_one_cm":366732,"minecraft:open_chest":4,"minecraft:crouch_one_cm":40307,"minecraft:sneak_time":12746,"minecraft:walk_under_water_one_cm":14677,"minecraft:boat_one_cm":310599,"minecraft:jump":1811,"minecraft:walk_on_water_one_cm":22435,"minecraft:fall_one_cm":38932},"minecraft:crafted":{"minecraft:cooked_beef":43,"minecraft:wooden_sword":1,"minecraft:oak_planks":48,"minecraft:cooked_porkchop":15,"minecraft:crafting_table":1,"minecraft:wooden_pickaxe":1,"minecraft:iron_helmet":1,"minecraft:iron_sword":1,"minecraft:furnace":3,"minecraft:bucket":1,"minecraft:cooked_mutton":10,"minecraft:air":0,"minecraft:oak_boat":1,"minecraft:iron_boots":1,"minecraft:iron_chestplate":1,"minecraft:shield":1,"minecraft:stick":20,"minecraft:iron_ingot":49,"minecraft:iron_pickaxe":1,"minecraft:stone_pickaxe":2,"minecraft:iron_leggings":1,"minecraft:torch":40},"minecraft:broken":{"minecraft:stone_pickaxe":2,"minecraft:wooden_sword":1},"minecraft:mined":{"biomesoplenty:root":2,"minecraft:diamond_ore":3,"minecraft:crafting_table":14,"minecraft:torch":4,"minecraft:granite":1,"minecraft:grass_block":1,"minecraft:cobblestone":16,"minecraft:lapis_ore":11,"minecraft:diorite":6,"minecraft:wall_torch":14,"minecraft:furnace":9,"minecraft:iron_ore":116,"biomesoplenty:violet":1,"minecraft:andesite":2,"minecraft:birch_leaves":1,"biomesoplenty:mud":1,"minecraft:grass":10,"minecraft:oak_log":12,"minecraft:coal_ore":81,"minecraft:packed_ice":11,"minecraft:stone":88,"minecraft:oak_leaves":1},"minecraft:killed":{"minecraft:pig":8,"minecraft:spider":2,"minecraft:slime":2,"minecraft:sheep":6,"minecraft:skeleton":1,"minecraft:zombie":11,"minecraft:cow":23},"minecraft:picked_up":{"minecraft:crafting_table":14,"minecraft:andesite":2,"minecraft:leather":23,"biomesoplenty:violet":1,"minecraft:oak_log":12,"minecraft:dirt":1,"minecraft:lapis_lazuli":68,"minecraft:string":4,"minecraft:bone":2,"minecraft:wheat_seeds":6,"minecraft:beef":46,"minecraft:oak_boat":5,"minecraft:iron_ore":114,"minecraft:light_gray_wool":1,"minecraft:egg":3,"minecraft:furnace":9,"minecraft:stick":1,"minecraft:cooked_porkchop":2,"minecraft:torch":18,"minecraft:porkchop":17,"minecraft:diorite":6,"minecraft:rotten_flesh":11,"minecraft:diamond":3,"minecraft:granite":1,"biomesoplenty:mud_ball":4,"minecraft:oak_sapling":1,"minecraft:black_wool":1,"minecraft:mutton":15,"minecraft:coal":345,"minecraft:white_wool":4,"minecraft:cobblestone":90},"minecraft:used":{"minecraft:cooked_mutton":9,"minecraft:water_bucket":6,"minecraft:stone_pickaxe":271,"minecraft:oak_planks":6,"minecraft:wooden_pickaxe":49,"minecraft:iron_sword":108,"minecraft:torch":26,"minecraft:crafting_table":14,"minecraft:iron_pickaxe":50,"minecraft:wooden_sword":63,"minecraft:cobblestone":49,"minecraft:furnace":9,"minecraft:oak_sapling":1,"minecraft:cooked_porkchop":2,"minecraft:bucket":7,"minecraft:oak_boat":5,"minecraft:egg":3,"minecraft:cooked_beef":7},"minecraft:dropped":{"minecraft:wheat_seeds":6,"minecraft:light_gray_wool":1,"biomesoplenty:mud_ball":4,"minecraft:stick":1,"minecraft:diorite":2}},"DataVersion":2230}