{"stats":{"minecraft:custom":{"minecraft:interact_with_furnace":52,"minecraft:mob_kills":50,"minecraft:interact_with_crafting_table":24,"minecraft:play_one_minute":93157,"minecraft:leave_game":13,"minecraft:time_since_death":93157,"minecraft:climb_one_cm":970,"minecraft:time_since_rest":93157,"minecraft:sprint_one_cm":295856,"minecraft:damage_taken":698,"minecraft:walk_one_cm":125574,"minecraft:drop":6,"minecraft:damage_dealt":5759,"minecraft:swim_one_cm":52006,"minecraft:fly_one_cm":342524,"minecraft:open_chest":3,"minecraft:crouch_one_cm":33861,"minecraft:sneak_time":11018,"minecraft:walk_under_water_one_cm":14072,"minecraft:boat_one_cm":310599,"minecraft:jump":1602,"minecraft:walk_on_water_one_cm":19999,"minecraft:fall_one_cm":37196},"minecraft:crafted":{"minecraft:cooked_beef":7,"minecraft:wooden_sword":1,"minecraft:oak_planks":48,"minecraft:cooked_porkchop":2,"minecraft:crafting_table":1,"minecraft:wooden_pickaxe":1,"minecraft:iron_helmet":1,"minecraft:iron_sword":1,"minecraft:furnace":1,"minecraft:bucket":1,"minecraft:cooked_mutton":5,"minecraft:air":0,"minecraft:oak_boat":1,"minecraft:iron_boots":1,"minecraft:iron_chestplate":1,"minecraft:shield":1,"minecraft:stick":20,"minecraft:iron_ingot":49,"minecraft:stone_pickaxe":2,"minecraft:iron_leggings":1,"minecraft:torch":40},"minecraft:broken":{"minecraft:stone_pickaxe":1,"minecraft:wooden_sword":1},"minecraft:mined":{"biomesoplenty:root":2,"minecraft:crafting_table":12,"minecraft:torch":2,"minecraft:granite":1,"minecraft:grass_block":1,"minecraft:cobblestone":6,"minecraft:lapis_ore":3,"minecraft:diorite":5,"minecraft:wall_torch":7,"minecraft:furnace":5,"minecraft:iron_ore":98,"biomesoplenty:violet":1,"minecraft:andesite":2,"minecraft:birch_leaves":1,"biomesoplenty:mud":1,"minecraft:grass":10,"minecraft:oak_log":12,"minecraft:coal_ore":81,"minecraft:packed_ice":11,"minecraft:stone":71,"minecraft:oak_leaves":1},"minecraft:killed":{"minecraft:pig":8,"minecraft:spider":2,"minecraft:slime":2,"minecraft:sheep":6,"minecraft:skeleton":1,"minecraft:zombie":8,"minecraft:cow":23},"minecraft:picked_up":{"minecraft:crafting_table":12,"minecraft:andesite":2,"minecraft:leather":23,"biomesoplenty:violet":1,"minecraft:oak_log":12,"minecraft:dirt":1,"minecraft:lapis_lazuli":18,"minecraft:string":4,"minecraft:bone":2,"minecraft:wheat_seeds":6,"minecraft:beef":43,"minecraft:oak_boat":5,"minecraft:iron_ore":98,"minecraft:light_gray_wool":1,"minecraft:egg":3,"minecraft:furnace":5,"minecraft:stick":1,"minecraft:torch":9,"minecraft:porkchop":17,"minecraft:diorite":5,"minecraft:rotten_flesh":8,"minecraft:granite":1,"biomesoplenty:mud_ball":4,"minecraft:oak_sapling":1,"minecraft:black_wool":1,"minecraft:mutton":15,"minecraft:coal":252,"minecraft:white_wool":4,"minecraft:cobblestone":67},"minecraft:used":{"minecraft:cooked_mutton":5,"minecraft:water_bucket":6,"minecraft:stone_pickaxe":258,"minecraft:oak_planks":6,"minecraft:wooden_pickaxe":49,"minecraft:iron_sword":89,"minecraft:torch":12,"minecraft:crafting_table":12,"minecraft:wooden_sword":63,"minecraft:cobblestone":33,"minecraft:furnace":5,"minecraft:oak_sapling":1,"minecraft:cooked_porkchop":2,"minecraft:bucket":7,"minecraft:oak_boat":5,"minecraft:egg":3,"minecraft:cooked_beef":7},"minecraft:dropped":{"minecraft:wheat_seeds":6,"minecraft:light_gray_wool":1,"biomesoplenty:mud_ball":4,"minecraft:stick":1,"minecraft:diorite":2}},"DataVersion":2230}