{"stats":{"minecraft:crafted":{"minecraft:oak_door":3,"minecraft:oak_planks":196,"minecraft:stone_shovel":1,"minecraft:cooked_chicken":4,"minecraft:furnace":3,"minecraft:cooked_mutton":19,"minecraft:iron_boots":1,"minecraft:iron_axe":2,"minecraft:stone_pickaxe":1,"minecraft:chest":6,"minecraft:birch_door":6,"minecraft:wheat":9,"minecraft:cooked_beef":38,"minecraft:cooked_porkchop":7,"minecraft:crafting_table":3,"minecraft:wooden_pickaxe":1,"minecraft:baked_potato":3,"minecraft:birch_planks":324,"minecraft:stone_axe":1,"minecraft:bread":3,"minecraft:air":0,"minecraft:oak_boat":2,"minecraft:diamond_pickaxe":2,"minecraft:stick":108,"minecraft:iron_ingot":42,"minecraft:iron_pickaxe":2,"minecraft:oak_stairs":8,"minecraft:iron_leggings":1,"minecraft:gold_ingot":34,"minecraft:torch":328},"minecraft:mined":{"minecraft:dark_oak_planks":5,"minecraft:diamond_ore":4,"minecraft:white_bed":3,"minecraft:nether_bricks":16,"minecraft:granite":64,"minecraft:grass_block":2,"minecraft:hay_block":1,"minecraft:redstone_ore":46,"minecraft:magma_block":5,"minecraft:carrots":15,"minecraft:furnace":2,"minecraft:iron_ore":154,"minecraft:andesite":53,"minecraft:dark_oak_stairs":3,"minecraft:potatoes":5,"minecraft:rail":1,"minecraft:oak_stairs":10,"minecraft:stone":804,"minecraft:brown_mushroom":1,"minecraft:clay":1,"minecraft:oak_fence":2,"minecraft:crafting_table":10,"minecraft:torch":1,"minecraft:poppy":2,"minecraft:nether_quartz_ore":307,"minecraft:glass":1,"minecraft:cobblestone":17,"minecraft:lapis_ore":13,"minecraft:lily_pad":1,"minecraft:oak_planks":29,"minecraft:sugar_cane":5,"minecraft:diorite":60,"minecraft:wall_torch":5,"minecraft:seagrass":2,"minecraft:birch_planks":23,"minecraft:birch_log":81,"minecraft:wheat":30,"minecraft:birch_leaves":1,"minecraft:yellow_bed":8,"minecraft:grass_path":1,"minecraft:grass":277,"minecraft:oak_log":49,"minecraft:coal_ore":209,"minecraft:beetroots":2,"minecraft:gravel":23,"minecraft:dirt":37,"minecraft:sand":50,"minecraft:cobweb":3,"minecraft:netherrack":112,"minecraft:gold_ore":40,"minecraft:oak_leaves":8},"minecraft:killed_by":{"minecraft:player":2,"minecraft:creeper":2,"minecraft:spider":1,"minecraft:skeleton":1,"minecraft:zombie":2},"minecraft:killed":{"minecraft:cave_spider":1,"minecraft:spider":5,"minecraft:skeleton":11,"minecraft:chicken":4,"minecraft:pig":5,"minecraft:creeper":1,"minecraft:sheep":12,"minecraft:pillager":1,"minecraft:zombie":12,"minecraft:enderman":1,"minecraft:blaze":10,"minecraft:cow":28},"minecraft:dropped":{"minecraft:bread":2,"minecraft:iron_sword":2,"minecraft:dark_oak_stairs":6,"minecraft:wheat_seeds":33,"minecraft:diamond":1,"minecraft:feather":1,"minecraft:iron_helmet":2,"minecraft:cobblestone":134,"minecraft:leather":15,"minecraft:granite":2,"minecraft:coal":1,"simplybackpacks:commonbackpack":1,"minecraft:dirt":3,"minecraft:diorite":12,"minecraft:torch":13,"minecraft:iron_leggings":1,"minecraft:gold_nugget":16,"minecraft:sand":4,"minecraft:iron_axe":2,"minecraft:dark_oak_planks":8,"minecraft:white_wool":9,"minecraft:bone":1,"minecraft:gold_ingot":4,"minecraft:gravel":16,"minecraft:stone_axe":2,"biomesoplenty:tall_cattail":1,"minecraft:blaze_rod":6,"minecraft:rotten_flesh":12,"minecraft:iron_boots":2,"minecraft:nether_bricks":3,"minecraft:peony":1,"minecraft:diamond_pickaxe":1,"minecraft:iron_chestplate":1,"minecraft:andesite":8,"minecraft:beetroot_seeds":1,"minecraft:arrow":7,"minecraft:stone_pickaxe":3,"minecraft:wooden_pickaxe":2,"minecraft:magma_block":2,"minecraft:quartz":283,"minecraft:netherrack":75,"minecraft:black_wool":2},"minecraft:custom":{"minecraft:mob_kills":92,"minecraft:interact_with_crafting_table":58,"minecraft:leave_game":19,"minecraft:time_since_death":26727,"minecraft:sprint_one_cm":1044285,"minecraft:walk_one_cm":606240,"minecraft:damage_blocked_by_shield":1220,"minecraft:drop":88,"minecraft:talked_to_villager":3,"minecraft:sneak_time":12814,"minecraft:deaths":15,"minecraft:walk_under_water_one_cm":223718,"minecraft:boat_one_cm":184491,"minecraft:jump":6886,"minecraft:walk_on_water_one_cm":67188,"minecraft:interact_with_furnace":87,"minecraft:play_one_minute":330416,"minecraft:sleep_in_bed":13,"minecraft:time_since_rest":26761,"minecraft:damage_taken":8625,"minecraft:damage_dealt":14730,"minecraft:player_kills":2,"minecraft:swim_one_cm":76884,"minecraft:fly_one_cm":1256951,"minecraft:open_chest":88,"minecraft:crouch_one_cm":22503,"minecraft:fall_one_cm":169348},"minecraft:picked_up":{"minecraft:crafting_table":12,"minecraft:iron_chestplate":2,"minecraft:birch_door":2,"minecraft:wheat":20,"minecraft:chicken":12,"minecraft:clay_ball":8,"minecraft:smithing_table":1,"minecraft:wooden_pickaxe":2,"minecraft:oak_stairs":20,"minecraft:shield":1,"minecraft:string":14,"minecraft:iron_axe":4,"minecraft:iron_leggings":1,"minecraft:gold_nugget":16,"minecraft:beef":52,"minecraft:oak_boat":4,"minecraft:iron_nugget":24,"minecraft:poppy":1,"minecraft:iron_pickaxe":4,"minecraft:birch_sapling":1,"minecraft:furnace":2,"minecraft:iron_boots":6,"minecraft:egg":7,"minecraft:stick":21,"minecraft:oak_door":4,"minecraft:oak_fence":1,"minecraft:torch":163,"minecraft:porkchop":11,"minecraft:diorite":66,"minecraft:carrot":46,"minecraft:redstone":216,"minecraft:dark_oak_planks":16,"minecraft:arrow":18,"minecraft:rotten_flesh":17,"minecraft:beetroot_seeds":4,"minecraft:peony":1,"minecraft:nether_bricks":14,"minecraft:hay_block":1,"minecraft:gold_ingot":2,"minecraft:blaze_rod":6,"minecraft:mutton":37,"minecraft:rail":1,"minecraft:white_wool":22,"minecraft:cobblestone":1193,"minecraft:birch_log":81,"minecraft:magma_block":4,"minecraft:feather":3,"minecraft:cooked_beef":14,"minecraft:andesite":58,"minecraft:leather":54,"minecraft:potato":13,"minecraft:birch_planks":90,"minecraft:flint":11,"minecraft:oak_log":49,"minecraft:lily_pad":35,"minecraft:yellow_bed":10,"simplybackpacks:commonbackpack":1,"minecraft:lapis_lazuli":101,"minecraft:dirt":87,"minecraft:cooked_mutton":2,"minecraft:glass":64,"minecraft:bone":20,"simplybackpacks:uncommonbackpack":1,"minecraft:bow":1,"minecraft:wheat_seeds":98,"minecraft:iron_ingot":18,"minecraft:stone_pickaxe":4,"minecraft:iron_ore":154,"minecraft:iron_sword":3,"minecraft:oak_planks":958,"minecraft:dark_oak_stairs":15,"minecraft:quartz":347,"biomesoplenty:tall_cattail":2,"minecraft:gravel":45,"minecraft:sand":45,"minecraft:white_bed":3,"minecraft:gold_ore":47,"minecraft:spider_eye":1,"minecraft:diamond":10,"minecraft:stone_axe":2,"minecraft:iron_helmet":7,"minecraft:granite":67,"biomesoplenty:mud_ball":12,"minecraft:bread":85,"minecraft:emerald":16,"minecraft:oak_sapling":1,"minecraft:netherrack":89,"minecraft:black_wool":4,"minecraft:coal":293,"minecraft:diamond_pickaxe":1},"minecraft:used":{"minecraft:stone_shovel":40,"minecraft:chest":5,"minecraft:iron_sword":197,"minecraft:cooked_chicken":4,"minecraft:netherrack":14,"minecraft:oak_door":4,"minecraft:torch":243,"minecraft:dirt":11,"minecraft:nether_bricks":11,"minecraft:carrot":17,"minecraft:birch_door":8,"minecraft:glass":64,"minecraft:iron_axe":645,"minecraft:oak_stairs":18,"minecraft:furnace":5,"minecraft:beetroot_seeds":1,"minecraft:cooked_beef":10,"minecraft:potato":3,"minecraft:wheat_seeds":11,"minecraft:cooked_mutton":10,"minecraft:diorite":5,"minecraft:birch_planks":198,"minecraft:stone_pickaxe":35,"minecraft:oak_planks":511,"minecraft:wooden_pickaxe":6,"minecraft:sand":2,"minecraft:crafting_table":11,"minecraft:white_bed":2,"minecraft:diamond_pickaxe":1436,"minecraft:apple":5,"minecraft:iron_pickaxe":496,"minecraft:bread":67,"minecraft:stone_axe":27,"minecraft:cobblestone":150,"minecraft:andesite":8,"minecraft:yellow_bed":7,"minecraft:oak_boat":5},"minecraft:broken":{"minecraft:iron_axe":1,"minecraft:iron_pickaxe":2}},"DataVersion":2230}