{"stats":{"minecraft:custom":{"minecraft:mob_kills":247,"minecraft:interact_with_crafting_table":66,"minecraft:leave_game":20,"minecraft:time_since_death":25374,"minecraft:climb_one_cm":1876,"minecraft:sprint_one_cm":1755943,"minecraft:damage_blocked_by_shield":1405,"minecraft:walk_one_cm":871051,"minecraft:drop":139,"minecraft:talked_to_villager":11,"minecraft:sneak_time":15731,"minecraft:deaths":20,"minecraft:walk_under_water_one_cm":289750,"minecraft:boat_one_cm":541127,"minecraft:jump":11067,"minecraft:interact_with_blast_furnace":2,"minecraft:walk_on_water_one_cm":140447,"minecraft:interact_with_furnace":120,"minecraft:play_one_minute":521482,"minecraft:interact_with_grindstone":2,"minecraft:sleep_in_bed":14,"minecraft:time_since_rest":15291,"minecraft:damage_taken":11437,"minecraft:damage_dealt":17313,"minecraft:player_kills":7,"minecraft:swim_one_cm":165515,"minecraft:fly_one_cm":2168016,"minecraft:open_chest":131,"minecraft:crouch_one_cm":24858,"minecraft:fall_one_cm":270476},"minecraft:crafted":{"minecraft:oak_door":3,"minecraft:oak_planks":196,"minecraft:stone_shovel":1,"minecraft:iron_nugget":81,"minecraft:blaze_powder":2,"minecraft:cooked_chicken":4,"minecraft:furnace":3,"minecraft:cooked_mutton":19,"minecraft:glass":18,"minecraft:iron_boots":1,"minecraft:iron_axe":2,"minecraft:stone_pickaxe":1,"minecraft:chest":10,"minecraft:birch_door":6,"minecraft:ender_eye":1,"minecraft:wheat":9,"minecraft:cooked_beef":69,"minecraft:cooked_porkchop":7,"minecraft:crafting_table":4,"minecraft:wooden_pickaxe":1,"minecraft:baked_potato":3,"minecraft:birch_planks":324,"minecraft:stone_axe":1,"minecraft:bread":3,"minecraft:air":0,"minecraft:oak_boat":3,"minecraft:diamond_pickaxe":2,"minecraft:stick":108,"minecraft:iron_ingot":75,"minecraft:iron_pickaxe":2,"minecraft:oak_stairs":8,"minecraft:iron_leggings":1,"minecraft:gold_ingot":34,"minecraft:torch":328},"minecraft:broken":{"minecraft:diamond_pickaxe":1,"minecraft:iron_axe":1,"minecraft:iron_sword":1,"minecraft:iron_pickaxe":2},"minecraft:mined":{"minecraft:dark_oak_planks":5,"minecraft:diamond_ore":4,"minecraft:white_bed":5,"minecraft:nether_bricks":16,"minecraft:granite":75,"minecraft:grass_block":2,"biomesoplenty:cattail":1,"minecraft:hay_block":1,"minecraft:redstone_ore":54,"minecraft:magma_block":5,"minecraft:carrots":34,"minecraft:furnace":2,"minecraft:iron_ore":260,"minecraft:andesite":57,"minecraft:dark_oak_stairs":3,"minecraft:bookshelf":4,"minecraft:potatoes":10,"minecraft:rail":1,"minecraft:oak_stairs":10,"minecraft:stone":841,"minecraft:brown_mushroom":1,"minecraft:clay":1,"minecraft:oak_fence":2,"minecraft:crafting_table":11,"minecraft:torch":1,"minecraft:blast_furnace":2,"minecraft:poppy":2,"minecraft:lectern":1,"minecraft:nether_quartz_ore":307,"minecraft:glass":1,"minecraft:cobblestone":17,"minecraft:lapis_ore":13,"minecraft:lily_pad":1,"minecraft:oak_planks":30,"minecraft:sugar_cane":5,"minecraft:diorite":62,"minecraft:wall_torch":6,"minecraft:seagrass":3,"minecraft:birch_planks":23,"minecraft:birch_log":81,"minecraft:wheat":73,"minecraft:birch_leaves":1,"minecraft:orange_tulip":1,"minecraft:yellow_bed":8,"minecraft:grass_path":1,"minecraft:grass":281,"minecraft:coal_ore":248,"minecraft:oak_log":49,"minecraft:beetroots":7,"minecraft:gravel":84,"minecraft:dirt":37,"minecraft:sand":50,"minecraft:cobweb":3,"minecraft:netherrack":112,"minecraft:gold_ore":52,"minecraft:oak_leaves":9},"minecraft:killed_by":{"minecraft:player":4,"minecraft:creeper":2,"minecraft:spider":1,"minecraft:enderman":1,"minecraft:skeleton":1,"minecraft:zombie":2},"minecraft:killed":{"minecraft:cave_spider":1,"minecraft:witch":1,"minecraft:spider":14,"minecraft:skeleton":37,"minecraft:chicken":10,"minecraft:drowned":3,"minecraft:wolf":1,"minecraft:pig":18,"minecraft:salmon":3,"minecraft:iron_golem":1,"minecraft:wandering_trader":1,"minecraft:creeper":33,"minecraft:squid":6,"minecraft:sheep":25,"minecraft:trader_llama":2,"minecraft:pillager":1,"minecraft:zombie":38,"minecraft:blaze":10,"minecraft:enderman":2,"minecraft:cow":34},"minecraft:used":{"minecraft:stone_shovel":40,"minecraft:chest":9,"minecraft:iron_sword":263,"minecraft:cooked_chicken":4,"minecraft:netherrack":14,"minecraft:oak_door":4,"minecraft:torch":315,"minecraft:dirt":11,"minecraft:nether_bricks":11,"minecraft:carrot":21,"minecraft:birch_door":8,"minecraft:glass":82,"minecraft:iron_axe":645,"minecraft:oak_stairs":18,"minecraft:furnace":5,"minecraft:beetroot_seeds":1,"minecraft:egg":4,"minecraft:cooked_beef":10,"minecraft:potato":3,"minecraft:wheat_seeds":50,"minecraft:cooked_mutton":19,"minecraft:diorite":7,"minecraft:birch_planks":198,"minecraft:stone_pickaxe":35,"minecraft:oak_planks":512,"minecraft:wooden_pickaxe":6,"minecraft:sand":2,"minecraft:crafting_table":12,"minecraft:white_bed":3,"minecraft:diamond_pickaxe":1721,"minecraft:apple":7,"minecraft:chicken":1,"minecraft:iron_pickaxe":496,"minecraft:bread":101,"minecraft:lectern":1,"minecraft:gravel":3,"minecraft:stone_axe":27,"minecraft:cobblestone":176,"minecraft:cooked_porkchop":6,"minecraft:andesite":8,"minecraft:yellow_bed":7,"minecraft:oak_boat":7},"minecraft:picked_up":{"minecraft:iron_chestplate":2,"minecraft:birch_door":2,"minecraft:crafting_table":13,"minecraft:wheat":25,"minecraft:chicken":17,"minecraft:clay_ball":8,"minecraft:smithing_table":1,"minecraft:wooden_pickaxe":2,"minecraft:oak_stairs":20,"minecraft:potion":1,"minecraft:shield":2,"minecraft:string":19,"minecraft:iron_axe":4,"minecraft:iron_leggings":1,"minecraft:gold_nugget":16,"minecraft:beef":63,"minecraft:oak_boat":6,"minecraft:iron_nugget":49,"minecraft:poppy":3,"minecraft:iron_pickaxe":4,"minecraft:lectern":2,"minecraft:birch_sapling":1,"cgm:advanced_bullet":279,"minecraft:furnace":2,"minecraft:iron_boots":7,"minecraft:egg":11,"minecraft:stick":23,"minecraft:oak_door":4,"minecraft:oak_fence":2,"minecraft:torch":168,"minecraft:porkchop":34,"minecraft:diorite":68,"minecraft:carrot":73,"minecraft:redstone":253,"minecraft:dark_oak_planks":16,"minecraft:arrow":31,"minecraft:rotten_flesh":51,"minecraft:beetroot_seeds":8,"biomesoplenty:cattail":1,"minecraft:peony":1,"minecraft:nether_bricks":14,"minecraft:hay_block":1,"minecraft:gold_ingot":2,"minecraft:blaze_rod":10,"minecraft:mutton":52,"minecraft:rail":3,"minecraft:white_wool":32,"minecraft:cobblestone":1232,"minecraft:birch_log":81,"minecraft:magma_block":4,"minecraft:feather":7,"minecraft:cooked_beef":14,"minecraft:andesite":68,"minecraft:leather":62,"minecraft:potato":18,"minecraft:filled_map":1,"minecraft:birch_planks":90,"minecraft:flint":15,"minecraft:oak_log":49,"minecraft:lily_pad":41,"minecraft:yellow_bed":10,"minecraft:gunpowder":31,"simplybackpacks:commonbackpack":1,"minecraft:lapis_lazuli":101,"minecraft:dirt":95,"minecraft:cooked_mutton":2,"minecraft:glass":64,"minecraft:bone":33,"simplybackpacks:uncommonbackpack":1,"minecraft:kelp":5,"minecraft:bow":2,"minecraft:orange_tulip":10,"minecraft:wheat_seeds":157,"minecraft:iron_ingot":47,"minecraft:stone_pickaxe":4,"minecraft:iron_ore":259,"minecraft:iron_sword":4,"minecraft:oak_planks":978,"minecraft:dark_oak_stairs":15,"minecraft:book":12,"cgm:rifle":2,"minecraft:quartz":347,"minecraft:gravel":108,"biomesoplenty:tall_cattail":2,"minecraft:sand":45,"minecraft:blast_furnace":2,"minecraft:ink_sac":3,"minecraft:white_bed":5,"minecraft:gold_ore":59,"minecraft:spider_eye":7,"minecraft:diamond":11,"minecraft:stone_axe":2,"minecraft:iron_helmet":7,"minecraft:granite":79,"minecraft:gray_wool":1,"biomesoplenty:mud_ball":12,"minecraft:emerald":16,"minecraft:bread":117,"minecraft:oak_sapling":1,"minecraft:netherrack":89,"minecraft:black_wool":5,"minecraft:coal":332,"minecraft:sunflower":1,"minecraft:diamond_pickaxe":1,"minecraft:ender_pearl":1},"minecraft:dropped":{"minecraft:bread":2,"minecraft:iron_sword":3,"minecraft:dark_oak_stairs":6,"minecraft:wheat_seeds":53,"minecraft:diamond":1,"minecraft:feather":3,"minecraft:iron_helmet":2,"minecraft:cobblestone":136,"minecraft:book":12,"minecraft:leather":15,"minecraft:granite":4,"minecraft:coal":1,"simplybackpacks:commonbackpack":1,"minecraft:dirt":3,"minecraft:diorite":12,"minecraft:torch":13,"minecraft:mutton":1,"minecraft:iron_leggings":1,"minecraft:sunflower":1,"minecraft:gold_nugget":16,"minecraft:sand":4,"minecraft:iron_axe":2,"minecraft:dark_oak_planks":8,"minecraft:white_wool":10,"minecraft:gold_ingot":4,"minecraft:bone":1,"cgm:rifle":1,"minecraft:gravel":16,"minecraft:stone_axe":2,"biomesoplenty:tall_cattail":1,"minecraft:blaze_rod":9,"minecraft:wheat":5,"minecraft:chicken":1,"minecraft:rotten_flesh":14,"minecraft:iron_boots":2,"minecraft:ender_eye":1,"minecraft:white_bed":1,"minecraft:nether_bricks":3,"minecraft:gunpowder":2,"minecraft:peony":1,"minecraft:diamond_pickaxe":1,"minecraft:iron_chestplate":1,"minecraft:andesite":8,"minecraft:beetroot_seeds":5,"minecraft:spider_eye":6,"minecraft:arrow":7,"minecraft:stone_pickaxe":3,"minecraft:wooden_pickaxe":2,"minecraft:magma_block":2,"minecraft:quartz":283,"minecraft:lectern":1,"minecraft:netherrack":75,"minecraft:black_wool":2}},"DataVersion":2230}