{"stats":{"minecraft:crafted":{"minecraft:oak_door":3,"minecraft:oak_planks":196,"minecraft:stone_shovel":1,"minecraft:iron_nugget":36,"minecraft:blaze_powder":2,"minecraft:cooked_chicken":4,"minecraft:furnace":3,"minecraft:cooked_mutton":19,"minecraft:iron_boots":1,"minecraft:iron_axe":2,"minecraft:stone_pickaxe":1,"minecraft:chest":6,"minecraft:birch_door":6,"minecraft:ender_eye":1,"minecraft:wheat":9,"minecraft:cooked_beef":69,"minecraft:cooked_porkchop":7,"minecraft:crafting_table":3,"minecraft:wooden_pickaxe":1,"minecraft:baked_potato":3,"minecraft:birch_planks":324,"minecraft:stone_axe":1,"minecraft:bread":3,"minecraft:air":0,"minecraft:oak_boat":2,"minecraft:diamond_pickaxe":2,"minecraft:stick":108,"minecraft:iron_ingot":75,"minecraft:iron_pickaxe":2,"minecraft:oak_stairs":8,"minecraft:iron_leggings":1,"minecraft:gold_ingot":34,"minecraft:torch":328},"minecraft:mined":{"minecraft:dark_oak_planks":5,"minecraft:diamond_ore":4,"minecraft:white_bed":3,"minecraft:nether_bricks":16,"minecraft:granite":73,"minecraft:grass_block":2,"biomesoplenty:cattail":1,"minecraft:hay_block":1,"minecraft:redstone_ore":54,"minecraft:magma_block":5,"minecraft:carrots":15,"minecraft:furnace":2,"minecraft:iron_ore":178,"minecraft:andesite":53,"minecraft:dark_oak_stairs":3,"minecraft:potatoes":5,"minecraft:rail":1,"minecraft:oak_stairs":10,"minecraft:stone":818,"minecraft:brown_mushroom":1,"minecraft:clay":1,"minecraft:oak_fence":2,"minecraft:crafting_table":10,"minecraft:torch":1,"minecraft:poppy":2,"minecraft:nether_quartz_ore":307,"minecraft:glass":1,"minecraft:cobblestone":17,"minecraft:lapis_ore":13,"minecraft:lily_pad":1,"minecraft:oak_planks":29,"minecraft:sugar_cane":5,"minecraft:diorite":62,"minecraft:wall_torch":5,"minecraft:seagrass":3,"minecraft:birch_planks":23,"minecraft:birch_log":81,"minecraft:wheat":30,"minecraft:birch_leaves":1,"minecraft:yellow_bed":8,"minecraft:grass_path":1,"minecraft:grass":277,"minecraft:oak_log":49,"minecraft:coal_ore":209,"minecraft:beetroots":2,"minecraft:gravel":23,"minecraft:dirt":37,"minecraft:sand":50,"minecraft:cobweb":3,"minecraft:netherrack":112,"minecraft:gold_ore":44,"minecraft:oak_leaves":8},"minecraft:killed_by":{"minecraft:player":4,"minecraft:creeper":2,"minecraft:spider":1,"minecraft:skeleton":1,"minecraft:zombie":2},"minecraft:killed":{"minecraft:cave_spider":1,"minecraft:spider":5,"minecraft:skeleton":17,"minecraft:chicken":8,"minecraft:pig":8,"minecraft:wandering_trader":1,"minecraft:creeper":5,"minecraft:sheep":17,"minecraft:trader_llama":2,"minecraft:pillager":1,"minecraft:zombie":14,"minecraft:enderman":2,"minecraft:blaze":10,"minecraft:cow":28},"minecraft:dropped":{"minecraft:bread":2,"minecraft:iron_sword":2,"minecraft:dark_oak_stairs":6,"minecraft:wheat_seeds":33,"minecraft:diamond":1,"minecraft:feather":1,"minecraft:iron_helmet":2,"minecraft:cobblestone":134,"minecraft:leather":15,"minecraft:granite":2,"minecraft:coal":1,"simplybackpacks:commonbackpack":1,"minecraft:dirt":3,"minecraft:diorite":12,"minecraft:torch":13,"minecraft:iron_leggings":1,"minecraft:gold_nugget":16,"minecraft:sand":4,"minecraft:iron_axe":2,"minecraft:dark_oak_planks":8,"minecraft:white_wool":9,"minecraft:bone":1,"minecraft:gold_ingot":4,"minecraft:gravel":16,"minecraft:stone_axe":2,"biomesoplenty:tall_cattail":1,"minecraft:blaze_rod":9,"minecraft:rotten_flesh":12,"minecraft:iron_boots":2,"minecraft:ender_eye":1,"minecraft:nether_bricks":3,"minecraft:peony":1,"minecraft:diamond_pickaxe":1,"minecraft:iron_chestplate":1,"minecraft:andesite":8,"minecraft:beetroot_seeds":1,"minecraft:arrow":7,"minecraft:stone_pickaxe":3,"minecraft:wooden_pickaxe":2,"minecraft:magma_block":2,"minecraft:quartz":283,"minecraft:netherrack":75,"minecraft:black_wool":2},"minecraft:custom":{"minecraft:mob_kills":120,"minecraft:interact_with_crafting_table":61,"minecraft:leave_game":19,"minecraft:time_since_death":8081,"minecraft:climb_one_cm":490,"minecraft:sprint_one_cm":1213968,"minecraft:walk_one_cm":654482,"minecraft:damage_blocked_by_shield":1335,"minecraft:drop":90,"minecraft:talked_to_villager":4,"minecraft:sneak_time":13613,"minecraft:deaths":17,"minecraft:walk_under_water_one_cm":251548,"minecraft:boat_one_cm":184491,"minecraft:jump":7818,"minecraft:walk_on_water_one_cm":89222,"minecraft:interact_with_furnace":113,"minecraft:play_one_minute":378416,"minecraft:sleep_in_bed":13,"minecraft:time_since_rest":8114,"minecraft:damage_taken":9704,"minecraft:damage_dealt":15679,"minecraft:player_kills":5,"minecraft:swim_one_cm":89964,"minecraft:fly_one_cm":1453683,"minecraft:open_chest":98,"minecraft:crouch_one_cm":23152,"minecraft:fall_one_cm":187068},"minecraft:picked_up":{"minecraft:crafting_table":12,"minecraft:iron_chestplate":2,"minecraft:birch_door":2,"minecraft:wheat":20,"minecraft:chicken":14,"minecraft:clay_ball":8,"minecraft:smithing_table":1,"minecraft:wooden_pickaxe":2,"minecraft:oak_stairs":20,"minecraft:shield":1,"minecraft:string":14,"minecraft:iron_axe":4,"minecraft:iron_leggings":1,"minecraft:gold_nugget":16,"minecraft:beef":53,"minecraft:oak_boat":5,"minecraft:iron_nugget":24,"minecraft:poppy":1,"minecraft:iron_pickaxe":4,"cgm:advanced_bullet":64,"minecraft:birch_sapling":1,"minecraft:furnace":2,"minecraft:iron_boots":6,"minecraft:egg":7,"minecraft:stick":21,"minecraft:oak_door":4,"minecraft:oak_fence":2,"minecraft:torch":166,"minecraft:porkchop":16,"minecraft:diorite":68,"minecraft:carrot":46,"minecraft:redstone":253,"minecraft:dark_oak_planks":16,"minecraft:arrow":24,"minecraft:rotten_flesh":17,"biomesoplenty:cattail":1,"minecraft:beetroot_seeds":4,"minecraft:peony":1,"minecraft:nether_bricks":14,"minecraft:hay_block":1,"minecraft:gold_ingot":2,"minecraft:blaze_rod":10,"minecraft:mutton":43,"minecraft:rail":3,"minecraft:white_wool":24,"minecraft:cobblestone":1207,"minecraft:birch_log":81,"minecraft:magma_block":4,"minecraft:feather":3,"minecraft:cooked_beef":14,"minecraft:andesite":60,"minecraft:leather":54,"minecraft:potato":13,"minecraft:birch_planks":90,"minecraft:flint":11,"minecraft:oak_log":49,"minecraft:lily_pad":35,"minecraft:yellow_bed":10,"minecraft:gunpowder":11,"simplybackpacks:commonbackpack":1,"minecraft:lapis_lazuli":101,"minecraft:dirt":87,"minecraft:cooked_mutton":2,"minecraft:glass":64,"minecraft:bone":27,"simplybackpacks:uncommonbackpack":1,"minecraft:bow":2,"minecraft:wheat_seeds":98,"minecraft:iron_ingot":18,"minecraft:stone_pickaxe":4,"minecraft:iron_ore":178,"minecraft:iron_sword":3,"minecraft:oak_planks":959,"minecraft:dark_oak_stairs":15,"cgm:rifle":1,"minecraft:quartz":347,"biomesoplenty:tall_cattail":2,"minecraft:gravel":53,"minecraft:sand":45,"minecraft:white_bed":3,"minecraft:gold_ore":51,"minecraft:spider_eye":1,"minecraft:diamond":10,"minecraft:stone_axe":2,"minecraft:iron_helmet":7,"minecraft:granite":76,"minecraft:gray_wool":1,"biomesoplenty:mud_ball":12,"minecraft:bread":85,"minecraft:emerald":16,"minecraft:oak_sapling":1,"minecraft:netherrack":89,"minecraft:black_wool":5,"minecraft:coal":293,"minecraft:ender_pearl":1,"minecraft:diamond_pickaxe":1},"minecraft:used":{"minecraft:stone_shovel":40,"minecraft:chest":5,"minecraft:iron_sword":221,"minecraft:cooked_chicken":4,"minecraft:netherrack":14,"minecraft:oak_door":4,"minecraft:torch":273,"minecraft:dirt":11,"minecraft:nether_bricks":11,"minecraft:carrot":17,"minecraft:birch_door":8,"minecraft:glass":64,"minecraft:iron_axe":645,"minecraft:oak_stairs":18,"minecraft:furnace":5,"minecraft:beetroot_seeds":1,"minecraft:cooked_beef":10,"minecraft:potato":3,"minecraft:wheat_seeds":11,"minecraft:cooked_mutton":18,"minecraft:diorite":7,"minecraft:birch_planks":198,"minecraft:stone_pickaxe":35,"minecraft:oak_planks":511,"minecraft:wooden_pickaxe":6,"minecraft:sand":2,"minecraft:crafting_table":11,"minecraft:white_bed":2,"minecraft:diamond_pickaxe":1497,"minecraft:apple":5,"minecraft:chicken":1,"minecraft:iron_pickaxe":496,"minecraft:bread":67,"minecraft:stone_axe":27,"minecraft:cobblestone":153,"minecraft:cooked_porkchop":2,"minecraft:andesite":8,"minecraft:yellow_bed":7,"minecraft:oak_boat":5},"minecraft:broken":{"minecraft:iron_axe":1,"minecraft:iron_pickaxe":2}},"DataVersion":2230}